"type","ssvid","timestamp","shipname","callsign","lat","lon","speed"
"AIS.19","150400453",2022-02-18 02:45:56,"FUYUANYU 715",NA,-45.554885,-60.2762016666667,0.7
"AIS.19","150400453",2022-04-20 02:26:41,"FUYUANYU 715",NA,-46.62654,-60.070345,0.4
"AIS.19","150400453",2022-07-04 02:29:53,"FUYUANYU 715",NA,-46.468675,-60.4671883333333,1.1
"AIS.19","150400453",2022-01-16 18:10:40,"FUYUANYU 715",NA,-45.8105016666667,-60.4559983333333,1.3
"AIS.19","150400453",2022-05-02 04:13:44,"FUYUANYU 715",NA,-45.9396933333333,-60.2056016666667,0.8
"AIS.19","150400453",2022-01-02 17:05:32,"FUYUANYU 715",NA,-45.479725,-60.1772833333333,1.1
"AIS.19","150400453",2022-05-19 12:33:33,"FUYUANYU 715",NA,-45.5838516666667,-60.2066566666667,1.3
"AIS.19","150400453",2022-06-27 07:25:03,"FUYUANYU 715",NA,-45.7465516666667,-60.0982833333333,1
"AIS.19","150400453",2022-06-22 04:39:20,"FUYUANYU 715",NA,-46.2787733333333,-60.3473066666667,0.7
"AIS.19","150400453",2022-06-26 15:18:28,"FUYUANYU 715",NA,-45.95256,-60.14432,1.5
"AIS.19","150400453",2022-02-28 08:14:58,"FUYUANYU 715",NA,-46.2111766666667,-59.3088666666667,1.2
"AIS.19","150400453",2022-05-11 21:08:00,"FUYUANYU 715",NA,-45.4616583333333,-60.121305,0.7
"AIS.19","150400453",2022-02-24 04:52:14,"FUYUANYU 715",NA,-45.6651266666667,-60.3030633333333,0.2
"AIS.19","150400453",2022-05-18 23:45:09,"FUYUANYU 715",NA,-45.6711266666667,-60.1325816666667,1.1
"AIS.19","150400453",2022-01-14 06:10:48,"FUYUANYU 715",NA,-45.604925,-60.4533183333333,0.9
"AIS.19","150400453",2022-01-12 03:30:07,"FUYUANYU 715",NA,-45.7267266666667,-60.5558116666667,0.8
"AIS.19","150400453",2022-02-05 01:43:17,"FUYUANYU 715",NA,-45.3114716666667,-60.3707916666667,0.9
"AIS.19","150400453",2022-06-26 21:24:45,"FUYUANYU 715",NA,-45.9046733333333,-60.1966266666667,0.9
"AIS.19","150400453",2022-06-27 00:48:48,"FUYUANYU 715",NA,-45.8671316666667,-60.1510066666667,0.9
"AIS.19","150400453",2022-06-18 05:16:04,"FUYUANYU 715",NA,-46.168875,-60.2339516666667,1.3
"AIS.19","150400453",2022-01-18 04:12:29,"FUYUANYU 715",NA,-46.0522383333333,-60.6444316666667,0.5
"AIS.19","150400453",2022-03-13 02:45:59,"FUYUANYU 715",NA,-45.919415,-60.2096816666667,0.3
"AIS.19","150400453",2022-07-14 05:50:45,"FUYUANYU 715",NA,-46.53636,-60.5348483333333,0.6
"AIS.19","150400453",2022-03-04 03:31:46,"FUYUANYU 715",NA,-45.828035,-60.3424716666667,0.7
"AIS.19","150400453",2022-06-06 04:03:05,"FUYUANYU 715",NA,-45.8551616666667,-60.1856166666667,1.4
"AIS.19","150400453",2022-01-13 21:52:34,"FUYUANYU 715",NA,-45.63097,-60.6115116666667,4.4
"AIS.19","150400453",2022-06-18 11:10:14,"FUYUANYU 715",NA,-46.0399183333333,-60.233205,2
"AIS.19","150400453",2022-05-11 14:13:16,"FUYUANYU 715",NA,-45.8043583333333,-60.1343533333333,4.5
"AIS.19","150400453",2022-04-22 19:38:28,"FUYUANYU 715",NA,-45.2333116666667,-60.0450716666667,9.7
"AIS.19","150400453",2022-06-10 21:41:09,"FUYUANYU 715",NA,-46.7726933333333,-58.6569866666667,9.5
"AIS.19","150400453",2022-01-20 11:24:14,"FUYUANYU 715",NA,-45.2326566666667,-60.45711,4.3
"AIS.19","150400453",2021-12-31 11:01:02,"FUYUANYU 715",NA,-45.16791,-60.2225783333333,8
"AIS.19","150400453",2022-06-28 02:44:21,"FUYUANYU 715",NA,-46.106295,-60.268925,0.9
"AIS.19","150400453",2022-07-08 06:23:13,"FUYUANYU 715",NA,-46.63877,-60.65226,1.3
"AIS.19","150400453",2022-06-13 13:27:21,"FUYUANYU 715",NA,-45.690285,-60.1097083333333,3.4
"AIS.19","150400453",2022-07-18 14:50:33,"FUYUANYU 715",NA,-44.5660383333333,-58.5849966666667,6.4
"AIS.19","150400453",2022-04-27 06:20:52,"FUYUANYU 715",NA,-45.817935,-60.1550116666667,8.6
"AIS.19","150400453",2022-05-25 04:47:29,"FUYUANYU 715",NA,-45.7181883333333,-60.08309,2.1
"AIS.19","150400453",2022-04-12 14:36:59,"FUYUANYU 715",NA,-45.5532783333333,-60.0963266666667,4.4
"AIS.19","150400453",2022-01-17 14:47:23,"FUYUANYU 715",NA,-45.556635,-60.5647466666667,7.7
"AIS.19","150400453",2022-03-26 19:56:05,"FUYUANYU 715",NA,-45.1327566666667,-60.0515383333333,3.5
"AIS.19","150400453",2022-07-04 11:48:13,"FUYUANYU 715",NA,-46.3870866666667,-60.3305383333333,1.8
"AIS.19","150400453",2022-04-29 16:55:45,"FUYUANYU 715",NA,-45.23838,-60.0265483333333,4.5
"AIS.19","150400453",2022-06-25 07:57:54,"FUYUANYU 715",NA,-46.3656333333333,-60.3327266666667,3.1
"AIS.19","150400453",2022-05-14 20:17:05,"FUYUANYU 715",NA,-45.379195,-59.972305,2.3
"AIS.19","150400453",2021-12-23 12:32:21,"FUYUANYU 715",NA,-45.3443183333333,-60.5447783333333,3.8
"AIS.19","150400453",2022-06-10 17:16:37,"FUYUANYU 715",NA,-47.0783916666667,-57.9042783333333,2.1
"AIS.19","150400453",2022-03-08 03:35:10,"FUYUANYU 715",NA,-45.2950916666667,-60.0087,8.4
"AIS.19","150400453",2022-01-19 02:14:23,"FUYUANYU 715",NA,-45.405545,-60.5835066666667,4.2
"AIS.19","150400453",2022-04-18 20:37:34,"FUYUANYU 715",NA,-46.3065233333333,-60.1204416666667,7.5
"AIS.19","150400453",2022-07-03 14:04:44,"FUYUANYU 715",NA,-46.0985533333333,-60.2143066666667,3.5
"AIS.19","150400453",2022-06-04 17:12:36,"FUYUANYU 715",NA,-45.77745,-60.1253716666667,4.2
"AIS.19","150400453",2022-03-06 16:08:03,"FUYUANYU 715",NA,-45.861085,-60.15354,2.5
"AIS.19","150400453",2022-07-20 16:28:41,"FUYUANYU 715",NA,-44.5767716666667,-59.053055,1.6
"AIS.19","150400453",2022-07-19 18:34:02,"FUYUANYU 715",NA,-44.94698,-59.17497,1.8
"AIS.19","150400453",2022-06-25 14:04:40,"FUYUANYU 715",NA,-46.1003783333333,-60.2278866666667,4.4
"AIS.19","150400453",2022-01-02 01:28:42,"FUYUANYU 715",NA,-45.36018,-60.3216433333333,9.1
"AIS.19","150400453",2022-06-11 05:48:14,"FUYUANYU 715",NA,-46.0964666666667,-60.1898116666667,7
"AIS.19","150400453",2022-04-20 00:44:40,"FUYUANYU 715",NA,-46.63058,-60.08193,6.2
"AIS.19","150400453",2022-07-23 01:31:46,"FUYUANYU 715",NA,-45.1328966666667,-59.656785,7
"AIS.19","150400453",2021-12-21 19:11:17,"FUYUANYU 715",NA,-45.33856,-60.54608,3.3
"AIS.19","150400453",2022-01-28 04:41:48,"FUYUANYU 715",NA,-45.2677666666667,-60.464475,3.4
"AIS.19","150400453",2022-02-21 19:34:34,"FUYUANYU 715",NA,-45.7168983333333,-60.6435933333333,3.7
"AIS.19","150400453",2022-06-11 13:48:45,"FUYUANYU 715",NA,-45.7914666666667,-60.1276316666667,4.6
"AIS.19","150400453",2022-07-02 14:27:11,"FUYUANYU 715",NA,-46.003745,-60.189545,4.8
"AIS.19","150400453",2022-07-05 08:13:03,"FUYUANYU 715",NA,-46.1190466666667,-60.0510483333333,1
"AIS.19","150400453",2022-06-12 19:50:29,"FUYUANYU 715",NA,-45.7356416666667,-60.207115,1
"AIS.19","150400453",2022-06-16 22:15:04,"FUYUANYU 715",NA,-46.4763266666667,-60.4764366666667,1
"AIS.19","150400453",2022-04-15 12:43:48,"FUYUANYU 715",NA,-45.7407366666667,-60.1624033333333,1.5
"AIS.19","150400453",2022-04-15 18:49:59,"FUYUANYU 715",NA,-45.6221233333333,-60.1152883333333,1.5
"AIS.19","150400453",2022-07-15 01:46:06,"FUYUANYU 715",NA,-46.129315,-60.273545,0.6
"AIS.19","150400453",2022-05-07 01:35:32,"FUYUANYU 715",NA,-46.0977233333333,-60.2874233333333,0.6
"AIS.19","150400453",2022-01-17 06:23:00,"FUYUANYU 715",NA,-45.6351283333333,-60.4534316666667,1.2
"AIS.19","150400453",2022-06-26 20:48:43,"FUYUANYU 715",NA,-45.9092833333333,-60.2042433333333,1.2
"AIS.19","150400453",2022-07-22 11:42:47,"FUYUANYU 715",NA,-44.6998783333333,-59.3627883333333,0.7
"AIS.19","150400453",2022-06-13 13:03:17,"FUYUANYU 715",NA,-45.668585,-60.10707,3.1
"AIS.19","150400453",2022-07-07 04:52:13,"FUYUANYU 715",NA,-46.6241166666667,-60.62231,6.4
"AIS.19","150400453",2022-05-22 20:26:11,"FUYUANYU 715",NA,-46.0437166666667,-60.1920266666667,3.4
"AIS.19","150400453",2022-01-08 07:10:56,"FUYUANYU 715",NA,-45.456285,-60.5766183333333,4.3
"AIS.19","150400453",2022-01-22 16:28:37,"FUYUANYU 715",NA,-45.4264766666667,-60.5364166666667,8.8
"AIS.19","150400453",2022-01-10 17:58:40,"FUYUANYU 715",NA,-45.6508166666667,-60.60899,4.1
"AIS.19","150400453",2022-01-10 17:58:38,"FUYUANYU 715",NA,-45.6508166666667,-60.60899,4.1
"AIS.19","150400453",2022-06-02 15:14:50,"FUYUANYU 715",NA,-45.6311633333333,-60.0948816666667,4.2
"AIS.19","150400453",2022-02-03 06:32:19,"FUYUANYU 715",NA,-45.1969483333333,-60.3957933333333,3.8
"AIS.19","150400453",2022-01-11 03:45:45,"FUYUANYU 715",NA,-45.9806633333333,-60.54985,0.8
"AIS.19","150400453",2022-04-18 04:06:11,"FUYUANYU 715",NA,-44.979155,-60.0516416666667,0.8
"AIS.19","150400453",2022-06-30 01:59:46,"FUYUANYU 715",NA,-46.1623083333333,-60.3533016666667,1.3
"AIS.19","150400453",2022-07-24 19:58:18,"FUYUANYU 715",NA,-46.1621966666667,-60.357765,0.5
"AIS.19","150400453",2022-07-09 20:08:22,"FUYUANYU 715",NA,-46.5076983333333,-60.4429016666667,1
"AIS.19","150400453",2022-02-23 04:55:55,"FUYUANYU 715",NA,-45.6129783333333,-60.2955766666667,0.3
"AIS.19","150400453",2022-05-18 01:02:16,"FUYUANYU 715",NA,-45.5581933333333,-60.229475,0.3
"AIS.19","150400453",2022-04-19 01:25:58,"FUYUANYU 715",NA,-46.5668616666667,-60.0589583333333,1.4
"AIS.19","150400453",2022-01-11 06:05:30,"FUYUANYU 715",NA,-45.979765,-60.550205,1.1
"AIS.19","150400453",2022-04-15 07:55:38,"FUYUANYU 715",NA,-45.8012566666667,-60.2073033333333,0.9
"AIS.19","150400453",2022-04-27 18:21:19,"FUYUANYU 715",NA,-45.700735,-60.0805866666667,1.3
"AIS.19","150400453",2022-05-16 11:43:02,"FUYUANYU 715",NA,-45.5887366666667,-60.3197716666667,0.8
"AIS.19","150400453",2022-06-13 03:14:43,"FUYUANYU 715",NA,-45.6334883333333,-60.1191733333333,1.1
"AIS.19","150400453",2022-04-11 20:17:26,"FUYUANYU 715",NA,-45.3367133333333,-60.0404166666667,0.5
"AIS.19","150400453",2022-05-23 18:51:30,"FUYUANYU 715",NA,-45.7734566666667,-60.0466516666667,1
"AIS.19","150400453",2022-06-27 04:06:56,"FUYUANYU 715",NA,-45.810625,-60.1114366666667,1.5
"AIS.19","150400453",2022-04-22 04:01:05,"FUYUANYU 715",NA,-45.8518966666667,-60.199065,0.3
"AIS.19","150400453",2022-06-04 02:59:38,"FUYUANYU 715",NA,-46.144705,-60.2417033333333,1.2
"AIS.19","150400453",2022-04-14 05:53:12,"FUYUANYU 715",NA,-45.7196433333333,-60.1870233333333,0.7
"AIS.19","150400453",2022-01-11 04:41:26,"FUYUANYU 715",NA,-45.9799683333333,-60.5499983333333,0.5
"AIS.19","150400453",2022-04-02 19:09:31,"FUYUANYU 715",NA,-46.4872233333333,-60.41456,1
"AIS.19","150400453",2022-07-10 08:32:58,"FUYUANYU 715",NA,-46.6127183333333,-60.5686566666667,0.3
"AIS.19","150400453",2022-07-04 08:36:08,"FUYUANYU 715",NA,-46.427095,-60.37277,1.2
"AIS.19","150400453",2022-04-19 12:44:14,"FUYUANYU 715",NA,-46.5510833333333,-60.057535,1.2
"AIS.19","150400453",2022-06-24 03:25:19,"FUYUANYU 715",NA,-46.2510933333333,-60.294835,0.7
"AIS.19","150400453",2022-07-20 07:16:24,"FUYUANYU 715",NA,-44.7328633333333,-59.08784,1.4
"AIS.19","150400453",2022-05-23 18:03:29,"FUYUANYU 715",NA,-45.7857,-60.0544416666667,1.3
"AIS.19","150400453",2022-01-30 19:49:06,"FUYUANYU 715",NA,-45.9233166666667,-60.370115,0.8
"AIS.19","150400453",2022-05-17 13:07:51,"FUYUANYU 715",NA,-45.5845283333333,-60.3252083333333,0.8
"AIS.19","150400453",2022-07-07 11:04:30,"FUYUANYU 715",NA,-46.6315116666667,-60.6552966666667,0.8
"AIS.19","150400453",2022-07-20 07:10:21,"FUYUANYU 715",NA,-44.7344683333333,-59.0880216666667,1.3
"AIS.19","150400453",2022-07-16 16:59:55,"FUYUANYU 715",NA,-46.2971333333333,-60.493855,0.5
"AIS.19","150400453",2022-05-11 21:14:01,"FUYUANYU 715",NA,-45.4606033333333,-60.1212,0.7
"AIS.19","150400453",2022-04-27 04:56:39,"FUYUANYU 715",NA,-45.6253316666667,-60.1033466666667,8.3
"AIS.19","150400453",2021-12-27 19:40:00,"FUYUANYU 715",NA,-45.800765,-60.59827,3.9
"AIS.19","150400453",2022-01-20 11:48:15,"FUYUANYU 715",NA,-45.2527483333333,-60.4877033333333,4.5
"AIS.19","150400453",2022-02-13 05:36:23,"FUYUANYU 715",NA,-45.3188916666667,-60.5369566666667,3.7
"AIS.19","150400453",2022-05-15 13:05:43,"FUYUANYU 715",NA,-45.0450233333333,-60.09346,5.3
"AIS.19","150400453",2022-06-21 19:20:44,"FUYUANYU 715",NA,-46.145855,-60.231185,2.7
"AIS.19","150400453",2022-02-16 18:23:35,"FUYUANYU 715",NA,-45.1310133333333,-60.2467516666667,3.1
"AIS.19","150400453",2022-02-10 11:28:05,"FUYUANYU 715",NA,-45.27039,-60.483705,4.4
"AIS.19","150400453",2022-05-07 05:29:37,"FUYUANYU 715",NA,-46.0979083333333,-60.2871116666667,0.4
"AIS.19","150400453",2021-12-23 05:13:49,"FUYUANYU 715",NA,-45.4855333333333,-60.4187483333333,0.4
"AIS.19","150400453",2022-05-21 03:23:32,"FUYUANYU 715",NA,-46.0919033333333,-60.2316433333333,0.8
"AIS.19","150400453",2022-07-16 18:48:01,"FUYUANYU 715",NA,-46.29936,-60.5027883333333,0.8
"AIS.19","150400453",2022-07-25 14:27:01,"FUYUANYU 715",NA,-46.1633816666667,-60.3580783333333,0.8
"AIS.19","150400453",2022-07-24 02:15:51,"FUYUANYU 715",NA,-46.16223,-60.3582016666667,0.8
"AIS.19","150400453",2022-06-03 04:46:10,"FUYUANYU 715",NA,-46.07443,-60.2712483333333,1.1
"AIS.19","150400453",2022-04-19 04:01:59,"FUYUANYU 715",NA,-46.5650033333333,-60.0485983333333,0.9
"AIS.19","150400453",2022-07-16 06:47:34,"FUYUANYU 715",NA,-46.3648483333333,-60.4708833333333,0.9
"AIS.19","150400453",2022-07-03 14:10:45,"FUYUANYU 715",NA,-46.1041866666667,-60.21554,3.3
"AIS.19","150400453",2022-01-12 15:55:14,"FUYUANYU 715",NA,-45.649905,-60.6062416666667,2
"AIS.19","150400453",2022-03-25 02:57:59,"FUYUANYU 715",NA,-45.4819066666667,-60.1725883333333,8.1
"AIS.19","150400453",2022-05-28 14:53:27,"FUYUANYU 715",NA,-46.054005,-60.3355766666667,5.7
"AIS.19","150400453",2022-07-18 00:55:18,"FUYUANYU 715",NA,-45.4334666666667,-59.8243166666667,1.6
"AIS.19","150400453",2022-06-21 19:08:41,"FUYUANYU 715",NA,-46.1362133333333,-60.2278983333333,2.9
"AIS.19","150400453",2022-03-20 15:42:16,"FUYUANYU 715",NA,-45.24146,-60.0699183333333,1.9
"AIS.19","150400453",2022-06-05 16:50:20,"FUYUANYU 715",NA,-45.44563,-60.0455266666667,1.7
"AIS.19","150400453",2022-02-20 01:26:24,"FUYUANYU 715",NA,-45.6463916666667,-60.3080233333333,7.8
"AIS.19","150400453",2022-05-06 12:34:16,"FUYUANYU 715",NA,-46.421535,-60.3251466666667,4.5
"AIS.19","150400453",2022-05-06 01:51:15,"FUYUANYU 715",NA,-46.1678433333333,-60.3396516666667,8.1
"AIS.19","150400453",2022-04-28 11:21:59,"FUYUANYU 715",NA,-45.4128766666667,-60.011485,1.9
"AIS.19","150400453",2022-06-11 15:24:56,"FUYUANYU 715",NA,-45.67565,-60.1078383333333,4.4
"AIS.19","150400453",2022-05-10 20:41:50,"FUYUANYU 715",NA,-45.362525,-60.0842116666667,7.9
"AIS.19","150400453",2022-04-10 10:14:27,"FUYUANYU 715",NA,-45.7750666666667,-60.1337116666667,3.7
"AIS.19","150400453",2022-02-16 18:23:37,"FUYUANYU 715",NA,-45.1310133333333,-60.2467516666667,3.1
"AIS.19","150400453",2022-03-18 06:59:31,"FUYUANYU 715",NA,-45.6906266666667,-59.78173,1.6
"AIS.19","150400453",2022-05-13 07:45:51,"FUYUANYU 715",NA,-46.0355516666667,-60.1617016666667,2.2
"AIS.19","150400453",2021-12-29 04:19:39,"FUYUANYU 715",NA,-45.218515,-60.3434966666667,3.3
"AIS.19","150400453",2022-06-07 13:05:40,"FUYUANYU 715",NA,-45.5202366666667,-60.0770983333333,3.3
"AIS.19","150400453",2022-04-25 11:35:47,"FUYUANYU 715",NA,-43.6976083333333,-57.8042983333333,1.7
"AIS.19","150400453",2021-12-27 19:39:58,"FUYUANYU 715",NA,-45.800765,-60.59827,3.9
"AIS.19","150400453",2022-01-18 23:32:06,"FUYUANYU 715",NA,-45.5760416666667,-60.6080066666667,5.1
"AIS.19","150400453",2022-05-01 19:30:44,"FUYUANYU 715",NA,-45.0925666666667,-60.008665,4.4
"AIS.19","150400453",2022-06-02 17:39:09,"FUYUANYU 715",NA,-45.4653633333333,-60.0686633333333,4.2
"AIS.19","150400453",2022-03-15 14:40:04,"FUYUANYU 715",NA,-45.1454483333333,-60.0358,4.7
"AIS.19","150400453",2022-03-12 17:27:08,"FUYUANYU 715",NA,-45.543435,-60.1069416666667,3.4
"AIS.19","150400453",2022-04-12 19:01:32,"FUYUANYU 715",NA,-45.2406933333333,-60.0314533333333,4
"AIS.19","150400453",2022-02-13 07:06:37,"FUYUANYU 715",NA,-45.4072116666667,-60.5665933333333,3.9
"AIS.19","150400453",2022-05-14 05:40:35,"FUYUANYU 715",NA,-45.7147833333333,-60.007685,1.9
"AIS.19","150400453",2022-01-20 11:24:13,"FUYUANYU 715",NA,-45.2326566666667,-60.45711,4.3
"AIS.19","150400453",2022-02-10 13:58:27,"FUYUANYU 715",NA,-45.4259616666667,-60.562905,4.6
"AIS.19","150400453",2022-06-25 18:41:22,"FUYUANYU 715",NA,-45.7660916666667,-60.1435933333333,4.3
"AIS.19","150400453",2022-04-11 18:11:10,"FUYUANYU 715",NA,-45.470575,-60.073,4.2
"AIS.19","150400453",2022-02-17 05:13:07,"FUYUANYU 715",NA,-45.3456966666667,-60.4956566666667,4
"AIS.19","150400453",2022-07-13 10:55:36,"FUYUANYU 715",NA,-46.1712683333333,-60.248765,4.2
"AIS.19","150400453",2022-05-30 14:26:48,"FUYUANYU 715",NA,-45.832035,-60.1258283333333,4.4
"AIS.19","150400453",2022-04-17 01:52:25,"FUYUANYU 715",NA,-45.54436,-60.1206516666667,7.6
"AIS.19","150400453",2022-05-21 13:00:03,"FUYUANYU 715",NA,-45.9222233333333,-60.167455,4.3
"AIS.19","150400453",2022-04-20 21:40:35,"FUYUANYU 715",NA,-45.8060733333333,-60.1385866666667,2.3
"AIS.19","150400453",2022-07-18 05:37:46,"FUYUANYU 715",NA,-45.0388483333333,-59.2584016666667,9.4
"AIS.19","150400453",2022-03-30 02:51:50,"FUYUANYU 715",NA,-45.4817433333333,-60.01465,1.7
"AIS.19","150400453",2022-06-01 11:18:41,"FUYUANYU 715",NA,-45.531825,-60.0880216666667,3.5
"AIS.19","150400453",2022-02-23 14:02:51,"FUYUANYU 715",NA,-45.311875,-60.220575,2.5
"AIS.19","150400453",2022-05-30 13:50:43,"FUYUANYU 715",NA,-45.8767716666667,-60.1340966666667,4.4
"AIS.19","150400453",2022-06-26 13:00:16,"FUYUANYU 715",NA,-45.8798133333333,-60.164645,3.3
"AIS.19","150400453",2022-07-03 08:46:15,"FUYUANYU 715",NA,-45.9010516666667,-60.18677,0.5
"AIS.19","150400453",2022-06-19 00:10:40,"FUYUANYU 715",NA,-45.8980666666667,-60.1927016666667,1
"AIS.19","150400453",2022-05-15 04:05:23,"FUYUANYU 715",NA,-45.1984083333333,-60.013675,1.5
"AIS.19","150400453",2021-12-26 19:38:07,"FUYUANYU 715",NA,-45.3763533333333,-60.4954883333333,0.3
"AIS.19","150400453",2022-06-04 02:23:35,"FUYUANYU 715",NA,-46.1456733333333,-60.2473133333333,0.3
"AIS.19","150400453",2022-07-12 06:17:49,"FUYUANYU 715",NA,-45.7871483333333,-60.181435,0.6
"AIS.19","150400453",2022-05-22 08:31:28,"FUYUANYU 715",NA,-45.9380666666667,-60.1464316666667,1.7
"AIS.19","150400453",2022-04-29 18:01:54,"FUYUANYU 715",NA,-45.1643433333333,-60.0071933333333,4.1
"AIS.19","150400453",2022-04-04 20:07:04,"FUYUANYU 715",NA,-45.22226,-60.03063,4.3
"AIS.19","150400453",2022-01-28 12:36:41,"FUYUANYU 715",NA,-45.3135666666667,-60.4899,5
"AIS.19","150400453",2022-01-05 14:21:38,"FUYUANYU 715",NA,-45.31067,-60.5177983333333,4.7
"AIS.19","150400453",2022-05-10 14:41:11,"FUYUANYU 715",NA,-45.644705,-60.1055766666667,4.3
"AIS.19","150400453",2022-01-05 11:27:20,"FUYUANYU 715",NA,-45.1570033333333,-60.3353016666667,4.7
"AIS.19","150400453",2022-05-11 01:42:26,"FUYUANYU 715",NA,-46.0115566666667,-60.2203233333333,8.1
"AIS.19","150400453",2022-06-12 17:44:27,"FUYUANYU 715",NA,-45.750855,-60.22469,0.8
"AIS.19","150400453",2022-07-13 18:26:27,"FUYUANYU 715",NA,-46.5369783333333,-60.53505,1.1
"AIS.19","150400453",2022-07-03 03:40:07,"FUYUANYU 715",NA,-45.9008533333333,-60.187785,0.9
"AIS.19","150400453",2022-04-25 10:29:49,"FUYUANYU 715",NA,-43.7008583333333,-57.8012,0.9
"AIS.19","150400453",2022-02-01 05:32:10,"FUYUANYU 715",NA,-45.6219983333333,-60.3167633333333,0.5
"AIS.19","150400453",2022-07-20 20:04:50,"FUYUANYU 715",NA,-44.5081283333333,-59.0320316666667,1.5
"AIS.19","150400453",2022-07-04 06:54:00,"FUYUANYU 715",NA,-46.4471766666667,-60.3962783333333,1.5
"AIS.19","150400453",2022-02-26 07:08:25,"FUYUANYU 715",NA,-45.1823366666667,-60.16579,0.3
"AIS.19","150400453",2022-07-07 07:46:22,"FUYUANYU 715",NA,-46.6313366666667,-60.6705666666667,0.6
"AIS.19","150400453",2022-01-14 06:46:50,"FUYUANYU 715",NA,-45.6050733333333,-60.4534583333333,0.5
"AIS.19","150400453",2022-04-21 00:40:40,"FUYUANYU 715",NA,-45.8031233333333,-60.1789233333333,0.7
"AIS.19","150400453",2022-04-10 02:26:04,"FUYUANYU 715",NA,-45.6712283333333,-60.1748233333333,0.7
"AIS.19","150400453",2022-06-10 02:22:06,"FUYUANYU 715",NA,-47.0255183333333,-57.8702566666667,1.4
"AIS.19","150400453",2022-03-02 06:09:12,"FUYUANYU 715",NA,-46.0200316666667,-60.2349733333333,1.2
"AIS.19","150400453",2022-04-24 16:05:12,"FUYUANYU 715",NA,-43.7214766666667,-57.9918233333333,1.2
"AIS.19","150400453",2022-06-13 04:56:45,"FUYUANYU 715",NA,-45.60056,-60.1086233333333,1.4
"AIS.19","150400453",2022-05-01 03:17:12,"FUYUANYU 715",NA,-45.8018933333333,-60.1924783333333,0.4
"AIS.19","150400453",2022-04-04 06:05:37,"FUYUANYU 715",NA,-45.9378983333333,-60.2129916666667,0.8
"AIS.19","150400453",2022-05-14 17:05:01,"FUYUANYU 715",NA,-45.4617383333333,-59.96698,1.1
"AIS.19","150400453",2022-05-24 05:45:54,"FUYUANYU 715",NA,-45.5689216666667,-59.9592966666667,0.8
"AIS.19","150400453",2022-06-30 00:23:43,"FUYUANYU 715",NA,-46.18373,-60.3653666666667,1.1
"AIS.19","150400453",2022-07-22 14:00:49,"FUYUANYU 715",NA,-44.6846183333333,-59.3558866666667,1.3
"AIS.19","150400453",2022-06-17 17:51:41,"FUYUANYU 715",NA,-46.2985583333333,-60.4038883333333,0.6
"AIS.19","150400453",2022-06-29 00:39:58,"FUYUANYU 715",NA,-45.70819,-60.1942216666667,1.2
"AIS.19","150400453",2022-06-26 21:18:45,"FUYUANYU 715",NA,-45.9054783333333,-60.1979816666667,0.7
"AIS.19","150400453",2022-06-26 06:05:43,"FUYUANYU 715",NA,-45.7253783333333,-60.164395,0.5
"AIS.19","150400453",2022-07-05 08:19:05,"FUYUANYU 715",NA,-46.1172683333333,-60.0501916666667,1.5
"AIS.19","150400453",2022-02-24 05:04:10,"FUYUANYU 715",NA,-45.6650066666667,-60.303225,0.3
"AIS.19","150400453",2022-05-08 13:07:57,"FUYUANYU 715",NA,-46.5957466666667,-60.59866,0.6
"AIS.19","150400453",2022-06-10 01:40:06,"FUYUANYU 715",NA,-47.0261566666667,-57.8744633333333,1.4
"AIS.19","150400453",2022-05-16 21:55:19,"FUYUANYU 715",NA,-45.5847033333333,-60.3264633333333,0.8
"AIS.19","150400453",2022-06-07 00:40:57,"FUYUANYU 715",NA,-45.3811216666667,-60.1095916666667,1.1
"AIS.19","150400453",2022-06-17 03:45:13,"FUYUANYU 715",NA,-46.4725233333333,-60.48697,1.1
"AIS.19","150400453",2022-07-10 06:56:54,"FUYUANYU 715",NA,-46.61343,-60.567835,0.5
"AIS.19","150400453",2022-05-19 12:39:33,"FUYUANYU 715",NA,-45.58249,-60.2074966666667,1
"AIS.19","150400453",2022-05-19 08:15:23,"FUYUANYU 715",NA,-45.65423,-60.2008133333333,1.5
"AIS.19","150400453",2022-07-06 03:26:21,"FUYUANYU 715",NA,-46.1960783333333,-60.2861466666667,0.6
"AIS.19","150400453",2022-04-19 21:56:34,"FUYUANYU 715",NA,-46.5781466666667,-60.078705,1.2
"AIS.19","150400453",2022-01-04 00:37:42,"FUYUANYU 715",NA,-45.4476633333333,-60.3111033333333,8.9
"AIS.19","150400453",2022-02-07 18:56:11,"FUYUANYU 715",NA,-45.7854333333333,-60.6782833333333,4.2
"AIS.19","150400453",2022-07-18 03:01:29,"FUYUANYU 715",NA,-45.319815,-59.6727166666667,9.8
"AIS.19","150400453",2022-05-25 12:42:08,"FUYUANYU 715",NA,-45.7838466666667,-60.1373516666667,4.8
"AIS.19","150400453",2022-07-14 18:09:47,"FUYUANYU 715",NA,-46.1709366666667,-60.2456183333333,2.2
"AIS.19","150400453",2022-03-20 19:06:44,"FUYUANYU 715",NA,-45.365745,-60.0863116666667,3.7
"AIS.19","150400453",2022-02-21 17:34:18,"FUYUANYU 715",NA,-45.5940633333333,-60.6198566666667,3.6
"AIS.19","150400453",2022-07-01 00:18:27,"FUYUANYU 715",NA,-45.984685,-60.385635,8.4
"AIS.19","150400453",2022-05-26 21:20:58,"FUYUANYU 715",NA,-45.829385,-60.1265266666667,9.9
"AIS.19","150400453",2022-07-25 12:22:53,"FUYUANYU 715",NA,-46.16234,-60.358465,0.2
"AIS.19","150400453",2022-01-04 19:50:31,"FUYUANYU 715",NA,-45.2724916666667,-60.072565,1.3
"AIS.19","150400453",2022-04-01 14:30:43,"FUYUANYU 715",NA,-45.69315,-60.1305583333333,4.4
"AIS.19","150400453",2022-04-17 02:40:27,"FUYUANYU 715",NA,-45.62653,-60.1500916666667,2.1
"AIS.19","150400453",2022-01-19 02:26:28,"FUYUANYU 715",NA,-45.392415,-60.578225,3.9
"AIS.19","150400453",2021-12-27 19:15:58,"FUYUANYU 715",NA,-45.7770066666667,-60.598175,3.6
"AIS.19","150400453",2022-01-11 14:05:47,"FUYUANYU 715",NA,-45.8709783333333,-60.5427166666667,1.6
"AIS.19","150400453",2022-05-01 12:59:55,"FUYUANYU 715",NA,-45.5617766666667,-60.0847016666667,4
"AIS.19","150400453",2022-02-12 01:32:37,"FUYUANYU 715",NA,-45.15027,-60.3179033333333,4.2
"AIS.19","150400453",2022-04-20 11:51:20,"FUYUANYU 715",NA,-46.4601883333333,-60.371785,4.3
"AIS.19","150400453",2022-07-22 15:48:53,"FUYUANYU 715",NA,-44.6702233333333,-59.344255,1.9
"AIS.19","150400453",2022-01-06 04:41:06,"FUYUANYU 715",NA,-45.2346566666667,-60.4454033333333,4.7
"AIS.19","150400453",2022-05-08 19:02:10,"FUYUANYU 715",NA,-46.52367,-60.5306733333333,1.7
"AIS.19","150400453",2022-03-03 14:00:27,"FUYUANYU 715",NA,-45.5019716666667,-60.254125,3.6
"AIS.19","150400453",2022-06-22 14:04:07,"FUYUANYU 715",NA,-46.1831033333333,-60.2465116666667,4.7
"AIS.19","150400453",2022-05-05 19:14:34,"FUYUANYU 715",NA,-45.6962083333333,-60.1110716666667,4.2
"AIS.19","150400453",2022-05-24 13:40:28,"FUYUANYU 715",NA,-45.7369833333333,-60.1338766666667,3.5
"AIS.19","150400453",2022-02-15 13:31:39,"FUYUANYU 715",NA,-45.1694916666667,-60.30903,4.7
"AIS.19","150400453",2022-01-02 01:46:46,"FUYUANYU 715",NA,-45.4057533333333,-60.3245516666667,9.2
"AIS.19","150400453",2022-07-15 16:10:57,"FUYUANYU 715",NA,-46.35792,-60.375725,3.4
"AIS.19","150400453",2022-07-13 14:01:59,"FUYUANYU 715",NA,-46.3542116666667,-60.34828,3.9
"AIS.19","150400453",2022-05-06 15:10:30,"FUYUANYU 715",NA,-46.237705,-60.225055,4.4
"AIS.19","150400453",2022-03-26 13:49:19,"FUYUANYU 715",NA,-45.18356,-60.0605633333333,4.6
"AIS.19","150400453",2022-03-20 18:36:40,"FUYUANYU 715",NA,-45.376465,-60.0817216666667,3.8
"AIS.19","150400453",2022-06-15 19:49:04,"FUYUANYU 715",NA,-45.7840766666667,-60.29827,1.9
"AIS.19","150400453",2022-06-23 19:24:39,"FUYUANYU 715",NA,-45.8767,-60.1626783333333,4.5
"AIS.19","150400453",2022-06-04 19:30:50,"FUYUANYU 715",NA,-45.6262116666667,-60.0980783333333,4.2
"AIS.19","150400453",2022-07-21 13:35:36,"FUYUANYU 715",NA,-44.4049083333333,-59.11045,6.6
"AIS.19","150400453",2022-05-30 14:50:50,"FUYUANYU 715",NA,-45.8029483333333,-60.12711,4.4
"AIS.19","150400453",2022-05-05 19:14:30,"FUYUANYU 715",NA,-45.6962083333333,-60.1110716666667,4.2
"AIS.19","150400453",2022-05-18 12:38:43,"FUYUANYU 715",NA,-45.56749,-60.2005933333333,4.1
"AIS.19","150400453",2022-04-21 14:05:37,"FUYUANYU 715",NA,-45.5972583333333,-60.08874,4.1
"AIS.19","150400453",2022-02-19 21:19:54,"FUYUANYU 715",NA,-45.5656933333333,-60.620825,4.6
"AIS.19","150400453",2022-05-06 16:04:35,"FUYUANYU 715",NA,-46.1754633333333,-60.1893683333333,4.6
"AIS.19","150400453",2022-03-24 04:43:32,"FUYUANYU 715",NA,-45.814345,-60.1820216666667,1
"AIS.19","150400453",2022-06-03 11:52:24,"FUYUANYU 715",NA,-45.954735,-60.2334716666667,1.2
"AIS.19","150400453",2022-05-14 01:16:28,"FUYUANYU 715",NA,-45.79716,-60.0121466666667,1.4
"AIS.19","150400453",2022-03-16 08:12:03,"FUYUANYU 715",NA,-45.9635583333333,-60.22134,0.4
"AIS.19","150400453",2022-01-16 03:27:04,"FUYUANYU 715",NA,-45.5052583333333,-60.6036016666667,4.2
"AIS.19","150400453",2022-02-16 04:03:38,"FUYUANYU 715",NA,-45.2030033333333,-60.3715216666667,3.3
"AIS.19","150400453",2022-02-07 18:56:13,"FUYUANYU 715",NA,-45.7854333333333,-60.6782833333333,4.2
"AIS.19","150400453",2022-07-23 16:39:31,"FUYUANYU 715",NA,-46.185485,-60.2456416666667,2.7
"AIS.19","150400453",2022-07-21 18:24:09,"FUYUANYU 715",NA,-44.89161,-59.3928933333333,7.6
"AIS.19","150400453",2022-06-04 14:18:14,"FUYUANYU 715",NA,-45.9626433333333,-60.1524883333333,4
"AIS.19","150400453",2022-01-17 20:05:59,"FUYUANYU 715",NA,-45.8614016666667,-60.676815,4
"AIS.19","150400453",2022-01-20 19:07:02,"FUYUANYU 715",NA,-45.669575,-60.588115,8.9
"AIS.19","150400453",2022-02-15 18:26:14,"FUYUANYU 715",NA,-45.1188883333333,-60.2067883333333,4.1
"AIS.19","150400453",2021-12-31 01:54:06,"FUYUANYU 715",NA,-45.45402,-60.5873916666667,3.5
"AIS.19","150400453",2022-01-25 08:05:51,"FUYUANYU 715",NA,-45.2351383333333,-60.44068,0.8
"AIS.19","150400453",2022-03-27 02:56:45,"FUYUANYU 715",NA,-45.6753116666667,-60.1573216666667,0.8
"AIS.19","150400453",2022-06-29 05:22:09,"FUYUANYU 715",NA,-45.7067233333333,-60.1956816666667,1.3
"AIS.19","150400453",2022-05-13 16:22:11,"FUYUANYU 715",NA,-45.9364033333333,-60.0859116666667,1.5
"AIS.19","150400453",2022-07-05 08:19:02,"FUYUANYU 715",NA,-46.1172683333333,-60.0501916666667,1.5
"AIS.19","150400453",2022-05-24 03:45:49,"FUYUANYU 715",NA,-45.5989583333333,-59.9679866666667,1.2
"AIS.19","150400453",2022-06-27 07:24:59,"FUYUANYU 715",NA,-45.7465516666667,-60.0982833333333,1
"AIS.19","150400453",2022-06-10 11:40:25,"FUYUANYU 715",NA,-47.0367416666667,-57.93568,0.7
"AIS.19","150400453",2022-05-28 12:23:21,"FUYUANYU 715",NA,-46.100255,-60.3387616666667,1.2
"AIS.19","150400453",2022-07-09 02:48:50,"FUYUANYU 715",NA,-46.1320866666667,-60.222175,0.7
"AIS.19","150400453",2022-03-29 05:38:15,"FUYUANYU 715",NA,-46.0554983333333,-60.248335,0.4
"AIS.19","150400453",2022-05-08 02:49:30,"FUYUANYU 715",NA,-46.647745,-60.5814366666667,0.4
"AIS.19","150400453",2022-05-27 12:04:32,"FUYUANYU 715",NA,-46.3668416666667,-60.4676033333333,0.8
"AIS.19","150400453",2022-01-26 06:49:53,"FUYUANYU 715",NA,-45.3904433333333,-60.2362383333333,1.1
"AIS.19","150400453",2022-05-31 02:52:11,"FUYUANYU 715",NA,-46.0526416666667,-60.214095,1.1
"AIS.19","150400453",2022-04-19 04:07:59,"FUYUANYU 715",NA,-46.56478,-60.0483966666667,1.1
"AIS.19","150400453",2022-06-13 23:34:07,"FUYUANYU 715",NA,-45.900435,-60.206145,0.4
"AIS.19","150400453",2022-05-10 02:28:23,"FUYUANYU 715",NA,-46.0003783333333,-60.2048916666667,0.4
"AIS.19","150400453",2022-03-04 03:55:49,"FUYUANYU 715",NA,-45.8280566666667,-60.3424883333333,0.4
"AIS.19","150400453",2022-05-08 12:13:53,"FUYUANYU 715",NA,-46.606125,-60.6042066666667,1.1
"AIS.19","150400453",2022-07-03 21:53:31,"FUYUANYU 715",NA,-46.3422933333333,-60.307465,0.9
"AIS.19","150400453",2022-07-04 19:48:32,"FUYUANYU 715",NA,-46.2979716666667,-60.1893316666667,1.3
"AIS.19","150400453",2022-06-09 16:51:47,"FUYUANYU 715",NA,-47.002325,-57.90932,1
"AIS.19","150400453",2022-07-05 08:19:03,"FUYUANYU 715",NA,-46.1172683333333,-60.0501916666667,1.5
"AIS.19","150400453",2022-06-17 01:45:09,"FUYUANYU 715",NA,-46.4755166666667,-60.47632,1.2
"AIS.19","150400453",2022-06-14 05:04:17,"FUYUANYU 715",NA,-45.9000783333333,-60.206545,0.7
"AIS.19","150400453",2022-05-03 03:21:29,"FUYUANYU 715",NA,-45.2170783333333,-59.9762183333333,1.2
"AIS.19","150400453",2022-05-24 07:58:00,"FUYUANYU 715",NA,-45.5442,-59.9339833333333,1.2
"AIS.19","150400453",2022-07-20 13:22:38,"FUYUANYU 715",NA,-44.6336466666667,-59.067475,1.2
"AIS.19","150400453",2022-07-04 05:11:57,"FUYUANYU 715",NA,-46.4612983333333,-60.4251633333333,0.7
"AIS.19","150400453",2022-05-08 02:55:28,"FUYUANYU 715",NA,-46.6478816666667,-60.58146,1.4
"AIS.19","150400453",2022-01-12 06:30:15,"FUYUANYU 715",NA,-45.71139,-60.5505333333333,0.8
"AIS.19","150400453",2022-06-15 05:47:49,"FUYUANYU 715",NA,-46.3237116666667,-60.3389366666667,0.8
"AIS.19","150400453",2022-06-13 07:32:48,"FUYUANYU 715",NA,-45.551605,-60.0997116666667,1.3
"AIS.19","150400453",2022-07-13 19:38:30,"FUYUANYU 715",NA,-46.5367916666667,-60.535255,0.2
"AIS.19","150400453",2022-07-13 19:02:29,"FUYUANYU 715",NA,-46.53695,-60.5349966666667,1.1
"AIS.19","150400453",2022-05-13 15:52:08,"FUYUANYU 715",NA,-45.941615,-60.091985,0.9
"AIS.19","150400453",2022-05-18 14:26:43,"FUYUANYU 715",NA,-45.5854516666667,-60.2007116666667,0.9
"AIS.19","150400453",2022-01-30 20:25:08,"FUYUANYU 715",NA,-45.917945,-60.3662583333333,1.3
"AIS.19","150400453",2022-01-26 03:55:44,"FUYUANYU 715",NA,-45.41992,-60.260105,0.5
"AIS.19","150400453",2022-04-27 12:15:09,"FUYUANYU 715",NA,-45.8025933333333,-60.11853,1.5
"AIS.19","150400453",2022-01-11 00:05:17,"FUYUANYU 715",NA,-45.9816833333333,-60.5509316666667,1.2
"AIS.19","150400453",2022-02-25 05:06:32,"FUYUANYU 715",NA,-45.841825,-60.2476666666667,1.4
"AIS.19","150400453",2022-01-30 02:48:01,"FUYUANYU 715",NA,-45.559945,-60.33123,8.9
"AIS.19","150400453",2022-05-15 12:53:40,"FUYUANYU 715",NA,-45.03429,-60.0882716666667,3.9
"AIS.19","150400453",2021-12-31 12:31:17,"FUYUANYU 715",NA,-45.2214733333333,-60.3447383333333,4.4
"AIS.19","150400453",2022-06-28 18:45:41,"FUYUANYU 715",NA,-45.5653716666667,-60.1079566666667,1.6
"AIS.19","150400453",2022-05-28 13:23:24,"FUYUANYU 715",NA,-46.0795916666667,-60.3427783333333,1.6
"AIS.19","150400453",2022-02-07 03:42:03,"FUYUANYU 715",NA,-45.399765,-60.5702316666667,4.6
"AIS.19","150400453",2022-04-10 11:44:38,"FUYUANYU 715",NA,-45.8573166666667,-60.14766,3.2
"AIS.19","150400453",2022-06-16 20:38:57,"FUYUANYU 715",NA,-46.4283683333333,-60.4236066666667,7.6
"AIS.19","150400453",2022-07-05 12:49:19,"FUYUANYU 715",NA,-46.0484183333333,-60.1776433333333,8.1
"AIS.19","150400453",2022-05-03 17:22:34,"FUYUANYU 715",NA,-45.50429,-60.0749866666667,3.6
"AIS.19","150400453",2022-06-03 05:52:14,"FUYUANYU 715",NA,-46.0576266666667,-60.25685,1.6
"AIS.19","150400453",2022-02-26 13:27:04,"FUYUANYU 715",NA,-45.3835816666667,-60.092695,3.5
"AIS.19","150400453",2021-12-26 19:32:03,"FUYUANYU 715",NA,-45.376315,-60.4953683333333,0.2
"AIS.19","150400453",2021-12-23 01:43:43,"FUYUANYU 715",NA,-45.4854033333333,-60.4192433333333,0.4
"AIS.19","150400453",2022-06-09 16:39:43,"FUYUANYU 715",NA,-47.0016983333333,-57.9103666666667,1.3
"AIS.19","150400453",2022-02-28 16:27:09,"FUYUANYU 715",NA,-46.0454183333333,-59.24598,2
"AIS.19","150400453",2022-02-14 14:58:56,"FUYUANYU 715",NA,-45.4066566666667,-60.5777033333333,4.9
"AIS.19","150400453",2022-05-18 12:50:37,"FUYUANYU 715",NA,-45.5849283333333,-60.1998666666667,6.6
"AIS.19","150400453",2022-06-14 13:04:48,"FUYUANYU 715",NA,-46.0658266666667,-60.204875,3.4
"AIS.19","150400453",2022-04-16 11:20:41,"FUYUANYU 715",NA,-45.53872,-60.11814,8.1
"AIS.19","150400453",2022-06-26 12:00:05,"FUYUANYU 715",NA,-45.8263983333333,-60.157085,3.8
"AIS.19","150400453",2022-04-24 13:23:08,"FUYUANYU 715",NA,-43.7400133333333,-58.0307416666667,1.8
"AIS.19","150400453",2022-03-19 13:32:54,"FUYUANYU 715",NA,-45.6192233333333,-60.1281766666667,4.6
"AIS.19","150400453",2022-01-07 10:50:36,"FUYUANYU 715",NA,-45.1565933333333,-60.3327716666667,4.4
"AIS.19","150400453",2022-01-15 17:25:58,"FUYUANYU 715",NA,-45.8142366666667,-60.67311,4.2
"AIS.19","150400453",2022-05-30 21:39:48,"FUYUANYU 715",NA,-45.8008566666667,-60.21829,6.4
"AIS.19","150400453",2022-01-08 05:46:46,"FUYUANYU 715",NA,-45.3572633333333,-60.5661166666667,4.1
"AIS.19","150400453",2022-05-01 12:17:46,"FUYUANYU 715",NA,-45.6111366666667,-60.0973816666667,4.3
"AIS.19","150400453",2022-07-22 18:55:00,"FUYUANYU 715",NA,-44.6367583333333,-59.327745,1.9
"AIS.19","150400453",2021-12-29 12:02:31,"FUYUANYU 715",NA,-45.1923933333333,-60.32086,4.3
"AIS.19","150400453",2022-05-26 21:03:01,"FUYUANYU 715",NA,-45.879415,-60.13636,10.3
"AIS.19","150400453",2022-01-25 03:05:11,"FUYUANYU 715",NA,-45.3339616666667,-60.5585933333333,4.3
"AIS.19","150400453",2022-05-11 20:25:57,"FUYUANYU 715",NA,-45.4114216666667,-60.08047,8.7
"AIS.19","150400453",2022-05-01 09:35:24,"FUYUANYU 715",NA,-45.8027533333333,-60.1897933333333,5.6
"AIS.19","150400453",2022-05-02 18:39:01,"FUYUANYU 715",NA,-45.413335,-60.06511,4.2
"AIS.19","150400453",2022-01-28 04:41:50,"FUYUANYU 715",NA,-45.2677666666667,-60.464475,3.4
"AIS.19","150400453",2022-05-28 17:35:51,"FUYUANYU 715",NA,-45.9355,-60.148905,4.3
"AIS.19","150400453",2022-03-03 13:00:15,"FUYUANYU 715",NA,-45.5584366666667,-60.2721733333333,3.5
"AIS.19","150400453",2022-06-18 03:03:57,"FUYUANYU 715",NA,-46.21387,-60.2402683333333,1.6
"AIS.19","150400453",2022-06-04 11:35:53,"FUYUANYU 715",NA,-46.1034216666667,-60.1864616666667,2.9
"AIS.19","150400453",2022-01-09 13:20:16,"FUYUANYU 715",NA,-45.2534416666667,-60.483715,4.8
"AIS.19","150400453",2022-04-18 12:06:35,"FUYUANYU 715",NA,-45.2250366666667,-60.0147866666667,7.5
"AIS.19","150400453",2022-02-13 19:02:25,"FUYUANYU 715",NA,-45.2314716666667,-60.3572166666667,4.2
"AIS.19","150400453",2022-07-18 19:08:59,"FUYUANYU 715",NA,-44.9753566666667,-58.9820383333333,7.4
"AIS.19","150400453",2022-04-30 18:10:28,"FUYUANYU 715",NA,-45.3454716666667,-60.0564133333333,3.7
"AIS.19","150400453",2022-05-09 14:33:26,"FUYUANYU 715",NA,-46.3422883333333,-60.2758083333333,4.5
"AIS.19","150400453",2022-01-13 18:22:03,"FUYUANYU 715",NA,-45.8104166666667,-60.6408716666667,4.3
"AIS.19","150400453",2022-04-01 14:30:41,"FUYUANYU 715",NA,-45.69315,-60.1305583333333,4.4
"AIS.19","150400453",2022-07-09 16:13:48,"FUYUANYU 715",NA,-46.29976,-60.3002016666667,3.9
"AIS.19","150400453",2022-03-12 05:01:57,"FUYUANYU 715",NA,-45.7636083333333,-60.2255733333333,6
"AIS.19","150400453",2022-05-08 14:49:59,"FUYUANYU 715",NA,-46.57613,-60.58263,2.1
"AIS.19","150400453",2022-07-04 11:48:14,"FUYUANYU 715",NA,-46.3870866666667,-60.3305383333333,1.8
"AIS.19","150400453",2022-07-09 18:08:08,"FUYUANYU 715",NA,-46.40755,-60.3664316666667,4
"AIS.19","150400453",2022-05-04 08:53:24,"FUYUANYU 715",NA,-45.5455433333333,-60.0968333333333,1.7
"AIS.19","150400453",2022-04-03 13:58:25,"FUYUANYU 715",NA,-46.1148266666667,-60.212425,4.1
"AIS.19","150400453",2022-05-25 03:17:26,"FUYUANYU 715",NA,-45.75139,-60.0947333333333,2.1
"AIS.19","150400453",2022-04-21 18:30:10,"FUYUANYU 715",NA,-45.3044366666667,-60.032825,4.3
"AIS.19","150400453",2022-04-08 19:05:07,"FUYUANYU 715",NA,-45.1322583333333,-60.0112733333333,4.2
"AIS.19","150400453",2022-05-07 19:07:01,"FUYUANYU 715",NA,-46.6033033333333,-60.446665,3.3
"AIS.19","150400453",2022-01-16 03:45:10,"FUYUANYU 715",NA,-45.5257983333333,-60.6069,3.9
"AIS.19","150400453",2022-04-05 11:56:37,"FUYUANYU 715",NA,-45.7130066666667,-60.122825,4.5
"AIS.19","150400453",2022-01-02 00:52:40,"FUYUANYU 715",NA,-45.2716966666667,-60.33078,8.9
"AIS.19","150400453",2022-01-10 03:39:21,"FUYUANYU 715",NA,-45.7703933333333,-60.5342266666667,1
"AIS.19","150400453",2022-07-19 21:16:07,"FUYUANYU 715",NA,-44.906645,-59.14932,1.5
"AIS.19","150400453",2022-03-04 03:55:45,"FUYUANYU 715",NA,-45.8280566666667,-60.3424883333333,0.4
"AIS.19","150400453",2022-05-30 17:57:18,"FUYUANYU 715",NA,-45.58119,-60.0828183333333,4.6
"AIS.19","150400453",2022-06-15 18:00:59,"FUYUANYU 715",NA,-45.80866,-60.2736483333333,3.4
"AIS.19","150400453",2022-05-23 11:26:55,"FUYUANYU 715",NA,-46.0819633333333,-60.2044933333333,4.3
"AIS.19","150400453",2022-05-24 13:28:26,"FUYUANYU 715",NA,-45.7259116666667,-60.132855,3.3
"AIS.19","150400453",2022-01-22 16:28:38,"FUYUANYU 715",NA,-45.4264766666667,-60.5364166666667,8.8
"AIS.19","150400453",2022-05-15 18:36:21,"FUYUANYU 715",NA,-45.5450933333333,-60.2719216666667,6.6
"AIS.19","150400453",2022-06-29 11:28:27,"FUYUANYU 715",NA,-45.76971,-60.1463816666667,3.5
"AIS.19","150400453",2022-06-20 14:24:46,"FUYUANYU 715",NA,-45.9235333333333,-60.16672,2.6
"AIS.19","150400453",2022-05-30 16:33:06,"FUYUANYU 715",NA,-45.6801666666667,-60.10812,4.3
"AIS.19","150400453",2021-12-21 17:41:06,"FUYUANYU 715",NA,-45.2655583333333,-60.4989316666667,3.6
"AIS.19","150400453",2022-06-24 03:13:18,"FUYUANYU 715",NA,-46.251075,-60.2948433333333,0.9
"AIS.19","150400453",2021-12-20 01:02:07,"FUYUANYU 715",NA,-45.51348,-60.3809433333333,0.9
"AIS.19","150400453",2022-05-18 16:50:51,"FUYUANYU 715",NA,-45.5857233333333,-60.201755,1
"AIS.19","150400453",2022-05-19 13:45:42,"FUYUANYU 715",NA,-45.56902,-60.20951,1
"AIS.19","150400453",2022-05-18 18:14:53,"FUYUANYU 715",NA,-45.5858166666667,-60.202005,0.6
"AIS.19","150400453",2022-07-19 13:15:52,"FUYUANYU 715",NA,-45.0138,-59.2017166666667,1.5
"AIS.19","150400453",2022-07-19 07:27:39,"FUYUANYU 715",NA,-45.0892483333333,-59.210295,0.6
"AIS.19","150400453",2022-06-30 05:47:55,"FUYUANYU 715",NA,-46.094055,-60.3461783333333,1.2
"AIS.19","150400453",2022-05-05 00:24:59,"FUYUANYU 715",NA,-46.2408133333333,-60.3097833333333,1.2
"AIS.19","150400453",2022-06-01 06:36:23,"FUYUANYU 715",NA,-45.5013466666667,-60.15549,0.7
"AIS.19","150400453",2022-05-10 03:58:27,"FUYUANYU 715",NA,-46.00044,-60.2046366666667,0.1
"AIS.19","150400453",2021-12-30 05:40:34,"FUYUANYU 715",NA,-45.3914766666667,-60.3944966666667,0.4
"AIS.19","150400453",2022-07-13 18:26:25,"FUYUANYU 715",NA,-46.5369783333333,-60.53505,1.1
"AIS.19","150400453",2022-05-08 08:25:43,"FUYUANYU 715",NA,-46.64783,-60.5812266666667,1.3
"AIS.19","150400453",2022-01-11 19:05:54,"FUYUANYU 715",NA,-45.8215783333333,-60.57054,0.8
"AIS.19","150400453",2022-02-18 06:58:03,"FUYUANYU 715",NA,-45.5548016666667,-60.2763383333333,1.1
"AIS.19","150400453",2022-06-17 03:15:12,"FUYUANYU 715",NA,-46.4746416666667,-60.4767983333333,1.1
"AIS.19","150400453",2022-06-19 06:58:54,"FUYUANYU 715",NA,-45.8977416666667,-60.1930166666667,1
"AIS.19","150400453",2022-06-27 04:06:55,"FUYUANYU 715",NA,-45.810625,-60.1114366666667,1.5
"AIS.19","150400453",2022-01-12 00:42:03,"FUYUANYU 715",NA,-45.7554016666667,-60.5487633333333,1.2
"AIS.19","150400453",2022-03-04 03:43:49,"FUYUANYU 715",NA,-45.8280533333333,-60.3423833333333,0.7
"AIS.19","150400453",2022-06-30 18:36:16,"FUYUANYU 715",NA,-45.94086,-60.4096983333333,0.7
"AIS.19","150400453",2022-01-04 11:38:21,"FUYUANYU 715",NA,-45.4539866666667,-60.05013,1.4
"AIS.19","150400453",2022-06-26 17:12:35,"FUYUANYU 715",NA,-45.928815,-60.2342916666667,0.6
"AIS.19","150400453",2022-04-03 02:03:47,"FUYUANYU 715",NA,-46.4180366666667,-60.3348666666667,1.2
"AIS.19","150400453",2022-01-24 07:57:08,"FUYUANYU 715",NA,-45.297325,-60.4749033333333,0.7
"AIS.19","150400453",2022-06-26 06:11:48,"FUYUANYU 715",NA,-45.7254083333333,-60.16439,0.7
"AIS.19","150400453",2022-06-04 03:17:42,"FUYUANYU 715",NA,-46.144265,-60.2390616666667,0.8
"AIS.19","150400453",2022-05-31 06:28:15,"FUYUANYU 715",NA,-45.9886183333333,-60.199275,1.1
"AIS.19","150400453",2022-04-18 03:48:08,"FUYUANYU 715",NA,-44.9791916666667,-60.051685,0.9
"AIS.19","150400453",2022-03-02 07:21:15,"FUYUANYU 715",NA,-46.0197116666667,-60.2354166666667,1.3
"AIS.19","150400453",2022-07-03 04:58:06,"FUYUANYU 715",NA,-45.901055,-60.1885233333333,0.4
"AIS.19","150400453",2022-05-25 08:41:39,"FUYUANYU 715",NA,-45.627795,-60.091345,1.1
"AIS.19","150400453",2022-06-30 17:24:12,"FUYUANYU 715",NA,-45.9449966666667,-60.396745,0.9
"AIS.19","150400453",2022-01-14 06:10:49,"FUYUANYU 715",NA,-45.604925,-60.4533183333333,0.9
"AIS.19","150400453",2022-06-10 00:46:03,"FUYUANYU 715",NA,-47.0263383333333,-57.8777666666667,1.3
"AIS.19","150400453",2022-06-29 08:16:18,"FUYUANYU 715",NA,-45.706885,-60.19607,1.3
"AIS.19","150400453",2022-01-21 02:25:34,"FUYUANYU 715",NA,-45.5764366666667,-60.4003933333333,0.5
"AIS.19","150400453",2022-02-28 12:15:03,"FUYUANYU 715",NA,-46.137715,-59.275625,1.5
"AIS.19","150400453",2022-06-09 20:33:52,"FUYUANYU 715",NA,-47.0136833333333,-57.892085,0.6
"AIS.19","150400453",2022-05-03 06:21:39,"FUYUANYU 715",NA,-45.1635233333333,-59.9304616666667,1.2
"AIS.19","150400453",2022-05-28 12:47:22,"FUYUANYU 715",NA,-46.0918833333333,-60.3400516666667,1.2
"AIS.19","150400453",2022-06-01 19:01:41,"FUYUANYU 715",NA,-45.945575,-60.1564716666667,3.5
"AIS.19","150400453",2022-03-29 23:09:42,"FUYUANYU 715",NA,-45.5720566666667,-59.987945,2.1
"AIS.19","150400453",2022-01-20 15:36:45,"FUYUANYU 715",NA,-45.507645,-60.5947483333333,4.4
"AIS.19","150400453",2022-05-11 13:01:08,"FUYUANYU 715",NA,-45.8928783333333,-60.152165,4.5
"AIS.19","150400453",2021-12-27 06:44:49,"FUYUANYU 715",NA,-45.2110333333333,-60.2836283333333,4.6
"AIS.19","150400453",2022-02-14 15:04:58,"FUYUANYU 715",NA,-45.398835,-60.57459,4.9
"AIS.19","150400453",2022-03-25 14:29:05,"FUYUANYU 715",NA,-45.15123,-60.0579983333333,4.4
"AIS.19","150400453",2022-05-04 12:29:45,"FUYUANYU 715",NA,-45.8248266666667,-60.12795,3.4
"AIS.19","150400453",2022-07-20 19:34:47,"FUYUANYU 715",NA,-44.5185566666667,-59.033745,1.6
"AIS.19","150400453",2022-05-25 06:53:33,"FUYUANYU 715",NA,-45.6677783333333,-60.0824083333333,1.7
"AIS.19","150400453",2022-06-14 03:52:14,"FUYUANYU 715",NA,-45.9001283333333,-60.2065416666667,0.8
"AIS.19","150400453",2022-07-09 08:43:04,"FUYUANYU 715",NA,-46.07841,-60.20168,0.8
"AIS.19","150400453",2022-07-08 05:53:12,"FUYUANYU 715",NA,-46.6383366666667,-60.6572116666667,1.1
"AIS.19","150400453",2022-07-21 01:59:02,"FUYUANYU 715",NA,-44.385055,-59.0305833333333,1.1
"AIS.19","150400453",2022-05-01 15:24:13,"FUYUANYU 715",NA,-45.3911366666667,-60.0547966666667,4.4
"AIS.19","150400453",2022-01-03 08:36:01,"FUYUANYU 715",NA,-45.3657183333333,-60.2065883333333,5.9
"AIS.19","150400453",2022-07-02 12:57:01,"FUYUANYU 715",NA,-46.1144383333333,-60.2324283333333,4.6
"AIS.19","150400453",2022-03-17 20:52:51,"FUYUANYU 715",NA,-45.8154416666667,-59.9812333333333,7.2
"AIS.19","150400453",2022-07-10 13:27:22,"FUYUANYU 715",NA,-46.5045483333333,-60.45238,1.6
"AIS.19","150400453",2022-06-02 16:56:59,"FUYUANYU 715",NA,-45.5135833333333,-60.0797316666667,4.3
"AIS.19","150400453",2022-03-02 19:28:29,"FUYUANYU 715",NA,-45.4352966666667,-60.15539,4.3
"AIS.19","150400453",2022-04-02 04:56:47,"FUYUANYU 715",NA,-46.3821766666667,-60.248555,8.4
"AIS.19","150400453",2022-02-01 19:51:39,"FUYUANYU 715",NA,-45.0898066666667,-60.2377483333333,4.5
"AIS.19","150400453",2022-03-13 20:23:33,"FUYUANYU 715",NA,-45.27823,-60.0620066666667,4.4
"AIS.19","150400453",2022-07-15 17:23:07,"FUYUANYU 715",NA,-46.40321,-60.4569116666667,8.5
"AIS.19","150400453",2022-05-03 10:21:42,"FUYUANYU 715",NA,-45.0726383333333,-59.898565,1.9
"AIS.19","150400453",2022-04-01 23:32:05,"FUYUANYU 715",NA,-45.63188,-60.1756183333333,2.9
"AIS.19","150400453",2021-12-29 06:19:57,"FUYUANYU 715",NA,-45.1261333333333,-60.2361,3.9
"AIS.19","150400453",2022-06-09 04:14:27,"FUYUANYU 715",NA,-46.1481316666667,-59.60344,9.1
"AIS.19","150400453",2022-07-20 01:10:15,"FUYUANYU 715",NA,-44.8399116666667,-59.1131883333333,2.1
"AIS.19","150400453",2022-05-11 13:55:15,"FUYUANYU 715",NA,-45.8267266666667,-60.1405133333333,4.4
"AIS.19","150400453",2022-06-22 13:03:58,"FUYUANYU 715",NA,-46.255675,-60.26942,4.5
"AIS.19","150400453",2022-07-21 17:42:04,"FUYUANYU 715",NA,-44.8087033333333,-59.3750783333333,6.9
"AIS.19","150400453",2021-12-21 16:04:55,"FUYUANYU 715",NA,-45.204835,-60.4045566666667,3.4
"AIS.19","150400453",2022-06-18 16:04:23,"FUYUANYU 715",NA,-45.9857533333333,-60.2103066666667,1.8
"AIS.19","150400453",2022-01-25 04:17:20,"FUYUANYU 715",NA,-45.4122,-60.5674666666667,3.9
"AIS.19","150400453",2022-06-06 08:33:18,"FUYUANYU 715",NA,-45.8533983333333,-60.18606,1.6
"AIS.19","150400453",2021-12-29 18:57:23,"FUYUANYU 715",NA,-45.60756,-60.5915066666667,3.7
"AIS.19","150400453",2022-06-23 14:42:04,"FUYUANYU 715",NA,-46.2173533333333,-60.2565483333333,4.6
"AIS.19","150400453",2022-05-03 17:16:31,"FUYUANYU 715",NA,-45.4984,-60.0740933333333,3.8
"AIS.19","150400453",2022-03-02 04:21:03,"FUYUANYU 715",NA,-45.9240733333333,-60.1898433333333,8.3
"AIS.19","150400453",2022-05-05 16:20:08,"FUYUANYU 715",NA,-45.9045516666667,-60.1317666666667,4.3
"AIS.19","150400453",2022-05-05 12:49:48,"FUYUANYU 715",NA,-46.1480933333333,-60.2004533333333,4.2
"AIS.19","150400453",2022-01-19 04:20:39,"FUYUANYU 715",NA,-45.2786716666667,-60.5053883333333,4
"AIS.19","150400453",2022-06-15 20:55:06,"FUYUANYU 715",NA,-45.7470883333333,-60.3217933333333,3.8
"AIS.19","150400453",2022-06-16 20:08:56,"FUYUANYU 715",NA,-46.3782,-60.367715,7.5
"AIS.19","150400453",2022-06-17 11:21:27,"FUYUANYU 715",NA,-46.3452383333333,-60.4200033333333,2.2
"AIS.19","150400453",2022-02-22 02:53:31,"FUYUANYU 715",NA,-45.6637533333333,-60.45688,3.8
"AIS.19","150400453",2022-06-01 12:54:55,"FUYUANYU 715",NA,-45.6174416666667,-60.0938233333333,3.6
"AIS.19","150400453",2022-01-24 03:26:36,"FUYUANYU 715",NA,-45.5099583333333,-60.6203266666667,3.8
"AIS.19","150400453",2022-07-13 19:02:28,"FUYUANYU 715",NA,-46.5369483333333,-60.53499,1
"AIS.19","150400453",2022-01-31 16:01:50,"FUYUANYU 715",NA,-45.7195833333333,-60.25322,1.5
"AIS.19","150400453",2022-07-04 14:24:19,"FUYUANYU 715",NA,-46.3585466666667,-60.2893033333333,1.4
"AIS.19","150400453",2022-02-05 07:37:24,"FUYUANYU 715",NA,-45.3118083333333,-60.3713033333333,0.4
"AIS.19","150400453",2021-12-20 08:44:27,"FUYUANYU 715",NA,-45.4507333333333,-60.4824066666667,9.6
"AIS.19","150400453",2022-07-13 16:20:12,"FUYUANYU 715",NA,-46.4731733333333,-60.4604866666667,4
"AIS.19","150400453",2022-06-11 18:13:24,"FUYUANYU 715",NA,-45.4772083333333,-60.0688583333333,4.2
"AIS.19","150400453",2022-06-25 15:34:54,"FUYUANYU 715",NA,-45.99307,-60.1938466666667,4.4
"AIS.19","150400453",2022-06-10 21:47:08,"FUYUANYU 715",NA,-46.7657483333333,-58.6773316666667,9.3
"AIS.19","150400453",2022-01-03 21:25:28,"FUYUANYU 715",NA,-45.2628633333333,-60.4164633333333,4.6
"AIS.19","150400453",2021-12-25 12:23:40,"FUYUANYU 715",NA,-45.4065366666667,-60.5656966666667,4
"AIS.19","150400453",2022-01-27 19:22:35,"FUYUANYU 715",NA,-45.2530716666667,-60.47387,4.2
"AIS.19","150400453",2022-03-27 03:14:49,"FUYUANYU 715",NA,-45.6751216666667,-60.15804,0.9
"AIS.19","150400453",2022-04-24 10:05:04,"FUYUANYU 715",NA,-43.7556416666667,-58.0791633333333,0.9
"AIS.19","150400453",2022-06-19 03:04:46,"FUYUANYU 715",NA,-45.8981666666667,-60.192595,1.3
"AIS.19","150400453",2022-03-23 04:29:14,"FUYUANYU 715",NA,-45.83783,-60.19762,0.6
"AIS.19","150400453",2022-05-03 06:21:35,"FUYUANYU 715",NA,-45.1635233333333,-59.9304616666667,1.2
"AIS.19","150400453",2022-06-23 00:59:10,"FUYUANYU 715",NA,-46.4538333333333,-60.4254383333333,1
"AIS.19","150400453",2022-05-18 02:02:19,"FUYUANYU 715",NA,-45.5580883333333,-60.2294016666667,0.3
"AIS.19","150400453",2022-01-04 02:49:55,"FUYUANYU 715",NA,-45.6093983333333,-60.1051316666667,0.6
"AIS.19","150400453",2022-06-01 05:12:23,"FUYUANYU 715",NA,-45.5014333333333,-60.155295,0.6
"AIS.19","150400453",2022-07-20 21:16:56,"FUYUANYU 715",NA,-44.480725,-59.029155,1.4
"AIS.19","150400453",2022-06-30 20:12:18,"FUYUANYU 715",NA,-45.9385083333333,-60.425235,0.8
"AIS.19","150400453",2022-07-02 05:20:20,"FUYUANYU 715",NA,-46.2834,-60.3377833333333,0.8
"AIS.19","150400453",2022-02-08 08:09:19,"FUYUANYU 715",NA,-46.06306,-60.4378433333333,0.9
"AIS.19","150400453",2022-01-11 03:45:45,"FUYUANYU 715",NA,-45.9806583333333,-60.549845,0.8
"AIS.19","150400453",2022-04-23 11:04:23,"FUYUANYU 715",NA,-43.6690016666667,-58.2203166666667,0.9
"AIS.19","150400453",2022-02-01 05:32:12,"FUYUANYU 715",NA,-45.6219983333333,-60.3167633333333,0.5
"AIS.19","150400453",2022-03-15 08:27:17,"FUYUANYU 715",NA,-45.5084533333333,-60.1486533333333,0.6
"AIS.19","150400453",2022-05-19 16:27:44,"FUYUANYU 715",NA,-45.5691416666667,-60.2103233333333,0.6
"AIS.19","150400453",2022-05-09 07:50:32,"FUYUANYU 715",NA,-46.36648,-60.5199966666667,1.2
"AIS.19","150400453",2022-05-03 06:21:37,"FUYUANYU 715",NA,-45.1635233333333,-59.9304616666667,1.2
"AIS.19","150400453",2022-05-29 19:13:39,"FUYUANYU 715",NA,-46.107465,-60.2894416666667,1.2
"AIS.19","150400453",2022-06-12 03:01:44,"FUYUANYU 715",NA,-45.4046133333333,-60.1151783333333,0.7
"AIS.19","150400453",2022-04-15 19:26:00,"FUYUANYU 715",NA,-45.6109533333333,-60.11542,1
"AIS.19","150400453",2022-07-21 19:12:14,"FUYUANYU 715",NA,-44.936715,-59.37359,1.5
"AIS.19","150400453",2022-07-22 11:36:48,"FUYUANYU 715",NA,-44.7004416666667,-59.3630733333333,1.5
"AIS.19","150400453",2022-06-17 17:51:42,"FUYUANYU 715",NA,-46.2985583333333,-60.4038883333333,0.6
"AIS.19","150400453",2022-06-14 03:28:15,"FUYUANYU 715",NA,-45.9001683333333,-60.2064983333333,1.2
"AIS.19","150400453",2022-01-31 11:37:36,"FUYUANYU 715",NA,-45.7803583333333,-60.2715883333333,1.4
"AIS.19","150400453",2022-06-10 03:46:09,"FUYUANYU 715",NA,-47.023875,-57.8651216666667,1.4
"AIS.19","150400453",2022-04-08 04:51:38,"FUYUANYU 715",NA,-45.8761266666667,-60.18111,0.4
"AIS.19","150400453",2022-06-26 02:59:39,"FUYUANYU 715",NA,-45.7249766666667,-60.165,1.1
"AIS.19","150400453",2022-07-20 07:10:22,"FUYUANYU 715",NA,-44.7344683333333,-59.0880216666667,1.3
"AIS.19","150400453",2022-02-24 08:04:14,"FUYUANYU 715",NA,-45.6650316666667,-60.303815,0.2
"AIS.19","150400453",2022-04-22 07:25:13,"FUYUANYU 715",NA,-45.8517483333333,-60.19967,1.1
"AIS.19","150400453",2022-06-13 01:02:41,"FUYUANYU 715",NA,-45.6735066666667,-60.1384733333333,1.1
"AIS.19","150400453",2022-06-05 01:49:17,"FUYUANYU 715",NA,-45.811125,-60.1799016666667,1.3
"AIS.19","150400453",2022-07-19 07:33:43,"FUYUANYU 715",NA,-45.087825,-59.2099966666667,1
"AIS.19","150400453",2022-06-14 20:41:35,"FUYUANYU 715",NA,-46.3237433333333,-60.3390666666667,0.6
"AIS.19","150400453",2022-07-19 07:27:40,"FUYUANYU 715",NA,-45.0892483333333,-59.210295,0.6
"AIS.19","150400453",2022-03-21 21:32:16,"FUYUANYU 715",NA,-45.7918833333333,-59.831185,1.4
"AIS.19","150400453",2022-01-05 05:38:47,"FUYUANYU 715",NA,-45.0893,-60.0131816666667,1.4
"AIS.19","150400453",2022-06-21 04:13:48,"FUYUANYU 715",NA,-46.2273083333333,-60.3085133333333,4.3
"AIS.19","150400453",2022-04-07 10:07:06,"FUYUANYU 715",NA,-45.7441583333333,-60.1256416666667,4.6
"AIS.19","150400453",2022-01-23 11:36:47,"FUYUANYU 715",NA,-45.5669633333333,-60.59942,4.1
"AIS.19","150400453",2022-07-06 18:45:40,"FUYUANYU 715",NA,-46.5496216666667,-60.480515,3.8
"AIS.19","150400453",2022-06-14 13:16:49,"FUYUANYU 715",NA,-46.0770183333333,-60.2097083333333,3.4
"AIS.19","150400453",2022-04-19 14:26:20,"FUYUANYU 715",NA,-46.5487083333333,-60.055835,1.8
"AIS.19","150400453",2022-03-20 17:18:27,"FUYUANYU 715",NA,-45.2974116666667,-60.0729816666667,3.9
"AIS.19","150400453",2022-07-08 16:48:17,"FUYUANYU 715",NA,-46.3274216666667,-60.3016283333333,3.9
"AIS.19","150400453",2021-12-29 13:08:35,"FUYUANYU 715",NA,-45.256175,-60.3880533333333,4.3
"AIS.19","150400453",2022-01-16 18:34:42,"FUYUANYU 715",NA,-45.8020016666667,-60.4535083333333,1.8
"AIS.19","150400453",2022-03-06 10:55:26,"FUYUANYU 715",NA,-45.5839166666667,-60.134365,3.6
"AIS.19","150400453",2022-05-18 11:08:33,"FUYUANYU 715",NA,-45.558785,-60.2321883333333,0.4
"AIS.19","150400453",2022-05-19 13:45:42,"FUYUANYU 715",NA,-45.5690233333333,-60.209505,0.8
"AIS.19","150400453",2022-04-26 06:30:17,"FUYUANYU 715",NA,-43.74271,-57.7682916666667,1.3
"AIS.19","150400453",2021-12-23 17:08:50,"FUYUANYU 715",NA,-45.1783033333333,-60.2900633333333,1.3
"AIS.19","150400453",2022-01-08 09:35:17,"FUYUANYU 715",NA,-45.5581916666667,-60.5944316666667,9
"AIS.19","150400453",2022-07-05 18:49:56,"FUYUANYU 715",NA,-46.3071716666667,-60.3322366666667,7.2
"AIS.19","150400453",2022-06-04 18:48:49,"FUYUANYU 715",NA,-45.6716883333333,-60.10646,4
"AIS.19","150400453",2022-05-20 14:28:29,"FUYUANYU 715",NA,-45.5734416666667,-60.1967383333333,2
"AIS.19","150400453",2022-07-20 17:58:46,"FUYUANYU 715",NA,-44.5494916666667,-59.0431016666667,1.6
"AIS.19","150400453",2022-03-29 13:39:02,"FUYUANYU 715",NA,-45.732665,-60.1414366666667,4.4
"AIS.19","150400453",2022-05-28 13:23:25,"FUYUANYU 715",NA,-46.0795916666667,-60.3427783333333,1.6
"AIS.19","150400453",2022-01-08 04:58:45,"FUYUANYU 715",NA,-45.3139716666667,-60.5153766666667,4.1
"AIS.19","150400453",2022-05-09 03:44:28,"FUYUANYU 715",NA,-46.3938466666667,-60.5599216666667,2.1
"AIS.19","150400453",2022-06-16 19:44:52,"FUYUANYU 715",NA,-46.3386833333333,-60.3232783333333,7.3
"AIS.19","150400453",2022-06-05 19:44:35,"FUYUANYU 715",NA,-45.56201,-60.0870766666667,3.6
"AIS.19","150400453",2022-01-10 14:52:15,"FUYUANYU 715",NA,-45.6102033333333,-60.6131966666667,4.3
"AIS.19","150400453",2022-01-01 02:50:16,"FUYUANYU 715",NA,-45.3090616666667,-60.52571,4
"AIS.19","150400453",2022-07-08 12:29:36,"FUYUANYU 715",NA,-46.5771083333333,-60.5023533333333,4.2
"AIS.19","150400453",2022-04-12 15:07:06,"FUYUANYU 715",NA,-45.51814,-60.0858566666667,4.4
"AIS.19","150400453",2022-07-21 11:59:24,"FUYUANYU 715",NA,-44.2557566666667,-59.000645,6.7
"AIS.19","150400453",2022-03-11 11:23:44,"FUYUANYU 715",NA,-45.3489166666667,-60.0546466666667,5.6
"AIS.19","150400453",2022-01-05 13:15:25,"FUYUANYU 715",NA,-45.2464066666667,-60.46562,4
"AIS.19","150400453",2022-03-27 14:03:44,"FUYUANYU 715",NA,-45.297165,-60.0653516666667,4.8
"AIS.19","150400453",2022-06-19 12:53:10,"FUYUANYU 715",NA,-45.989785,-60.1886883333333,3.3
"AIS.19","150400453",2022-07-08 13:41:47,"FUYUANYU 715",NA,-46.5102633333333,-60.43571,4
"AIS.19","150400453",2022-07-18 07:49:59,"FUYUANYU 715",NA,-44.81842,-58.9199133333333,9.5
"AIS.19","150400453",2022-03-03 19:25:08,"FUYUANYU 715",NA,-45.5643683333333,-60.3327966666667,3.7
"AIS.19","150400453",2022-07-18 07:50:00,"FUYUANYU 715",NA,-44.81842,-58.9199133333333,9.5
"AIS.19","150400453",2022-07-21 11:23:19,"FUYUANYU 715",NA,-44.2116616666667,-58.9634,1.7
"AIS.19","150400453",2022-03-19 12:32:49,"FUYUANYU 715",NA,-45.6937233333333,-60.140295,4.6
"AIS.19","150400453",2022-01-29 19:05:09,"FUYUANYU 715",NA,-45.2340683333333,-60.4312483333333,4.4
"AIS.19","150400453",2022-07-20 01:28:14,"FUYUANYU 715",NA,-44.8344,-59.1110583333333,1.6
"AIS.19","150400453",2022-07-13 01:25:13,"FUYUANYU 715",NA,-46.2357766666667,-60.2825566666667,1.9
"AIS.19","150400453",2022-04-22 12:43:46,"FUYUANYU 715",NA,-45.7022266666667,-60.1182,4.7
"AIS.19","150400453",2022-04-05 18:27:18,"FUYUANYU 715",NA,-45.4934966666667,-60.081765,3.4
"AIS.19","150400453",2022-01-04 02:19:55,"FUYUANYU 715",NA,-45.6140433333333,-60.109785,3.4
"AIS.19","150400453",2022-02-13 06:06:29,"FUYUANYU 715",NA,-45.3461766666667,-60.5562783333333,3.4
"AIS.19","150400453",2022-06-02 13:38:36,"FUYUANYU 715",NA,-45.743335,-60.1202683333333,4.4
"AIS.19","150400453",2022-03-26 13:49:18,"FUYUANYU 715",NA,-45.18356,-60.0605633333333,4.6
"AIS.19","150400453",2022-03-19 17:39:33,"FUYUANYU 715",NA,-45.36052,-60.0779766666667,4.7
"AIS.19","150400453",2022-01-10 03:45:18,"FUYUANYU 715",NA,-45.770155,-60.5344733333333,1
"AIS.19","150400453",2022-07-05 03:48:55,"FUYUANYU 715",NA,-46.18743,-60.10095,1.5
"AIS.19","150400453",2022-05-13 21:52:20,"FUYUANYU 715",NA,-45.8596833333333,-60.0238583333333,1.2
"AIS.19","150400453",2022-04-18 03:00:07,"FUYUANYU 715",NA,-44.9793416666667,-60.051495,0.4
"AIS.19","150400453",2022-03-13 01:39:54,"FUYUANYU 715",NA,-45.9193483333333,-60.2096433333333,0.4
"AIS.19","150400453",2022-05-18 11:08:34,"FUYUANYU 715",NA,-45.558785,-60.2321883333333,0.4
"AIS.19","150400453",2022-06-11 19:13:22,"FUYUANYU 715",NA,-45.431125,-60.053595,2.5
"AIS.19","150400453",2022-07-20 17:58:45,"FUYUANYU 715",NA,-44.5494916666667,-59.0431016666667,1.6
"AIS.19","150400453",2022-02-27 12:21:27,"FUYUANYU 715",NA,-45.8133633333333,-60.2695133333333,3.6
"AIS.19","150400453",2022-05-28 15:41:34,"FUYUANYU 715",NA,-46.0776133333333,-60.1914883333333,9.3
"AIS.19","150400453",2022-01-12 13:54:58,"FUYUANYU 715",NA,-45.7618533333333,-60.6438683333333,4.3
"AIS.19","150400453",2022-02-13 15:13:51,"FUYUANYU 715",NA,-45.3534883333333,-60.48598,4.4
"AIS.19","150400453",2022-04-17 17:17:39,"FUYUANYU 715",NA,-45.0487066666667,-60.0049416666667,4.3
"AIS.19","150400453",2022-02-03 08:44:31,"FUYUANYU 715",NA,-45.1737916666667,-60.2995866666667,4.1
"AIS.19","150400453",2022-07-16 06:23:31,"FUYUANYU 715",NA,-46.3692983333333,-60.4723566666667,0.8
"AIS.19","150400453",2022-06-06 06:39:10,"FUYUANYU 715",NA,-45.854215,-60.18531,0.8
"AIS.19","150400453",2022-07-09 07:13:04,"FUYUANYU 715",NA,-46.0916166666667,-60.20327,1.1
"AIS.19","150400453",2022-04-15 14:25:50,"FUYUANYU 715",NA,-45.7112333333333,-60.1403216666667,1.3
"AIS.19","150400453",2022-05-17 11:37:53,"FUYUANYU 715",NA,-45.5844216666667,-60.3254666666667,1.3
"AIS.19","150400453",2022-04-02 11:51:23,"FUYUANYU 715",NA,-46.5255866666667,-60.50252,0.5
"AIS.19","150400453",2022-06-13 05:14:51,"FUYUANYU 715",NA,-45.5944,-60.1072766666667,1.2
"AIS.19","150400453",2022-07-07 00:22:00,"FUYUANYU 715",NA,-46.6006866666667,-60.627555,1.2
"AIS.19","150400453",2022-05-28 01:59:03,"FUYUANYU 715",NA,-46.31972,-60.4139633333333,1
"AIS.19","150400453",2022-02-28 12:09:01,"FUYUANYU 715",NA,-46.139675,-59.27656,1.5
"AIS.19","150400453",2022-05-23 05:08:39,"FUYUANYU 715",NA,-46.1601633333333,-60.2708133333333,0.6
"AIS.19","150400453",2022-01-04 08:32:09,"FUYUANYU 715",NA,-45.5253516666667,-60.0619933333333,1.4
"AIS.19","150400453",2022-05-25 07:41:38,"FUYUANYU 715",NA,-45.6491366666667,-60.0861616666667,1.4
"AIS.19","150400453",2022-07-04 08:36:04,"FUYUANYU 715",NA,-46.427095,-60.37277,1.2
"AIS.19","150400453",2022-04-11 03:45:50,"FUYUANYU 715",NA,-46.2003033333333,-60.1741516666667,1.4
"AIS.19","150400453",2022-06-26 02:11:41,"FUYUANYU 715",NA,-45.7249666666667,-60.16495,1.4
"AIS.19","150400453",2022-05-08 06:01:33,"FUYUANYU 715",NA,-46.6479166666667,-60.581445,0.4
"AIS.19","150400453",2022-05-28 01:17:02,"FUYUANYU 715",NA,-46.3281466666667,-60.4211533333333,1.1
"AIS.19","150400453",2022-04-21 04:28:51,"FUYUANYU 715",NA,-45.8029,-60.1786066666667,0.4
"AIS.19","150400453",2022-05-31 02:52:09,"FUYUANYU 715",NA,-46.0526416666667,-60.214095,1.1
"AIS.19","150400453",2022-06-29 02:10:00,"FUYUANYU 715",NA,-45.7075283333333,-60.1943983333333,0.9
"AIS.19","150400453",2022-06-06 06:51:11,"FUYUANYU 715",NA,-45.8542633333333,-60.18521,0.9
"AIS.19","150400453",2022-05-08 01:07:22,"FUYUANYU 715",NA,-46.64796,-60.5815216666667,1.3
"AIS.19","150400453",2022-01-01 16:51:46,"FUYUANYU 715",NA,-45.22693,-60.3388483333333,0.5
"AIS.19","150400453",2022-05-28 03:11:05,"FUYUANYU 715",NA,-46.3033933333333,-60.4009433333333,1
"AIS.19","150400453",2022-04-27 17:21:20,"FUYUANYU 715",NA,-45.71832,-60.083355,1.5
"AIS.19","150400453",2022-05-19 15:27:43,"FUYUANYU 715",NA,-45.56899,-60.20986,1.5
"AIS.19","150400453",2022-01-26 19:44:20,"FUYUANYU 715",NA,-45.139895,-60.2261283333333,1
"AIS.19","150400453",2022-07-25 10:52:50,"FUYUANYU 715",NA,-46.1622566666667,-60.3584733333333,0.3
"AIS.19","150400453",2022-01-03 01:59:48,"FUYUANYU 715",NA,-45.3988616666667,-60.1884216666667,1.2
"AIS.19","150400453",2022-02-27 06:34:23,"FUYUANYU 715",NA,-45.73984,-60.1215583333333,1.2
"AIS.19","150400453",2022-06-22 05:33:17,"FUYUANYU 715",NA,-46.2786216666667,-60.3474783333333,0.7
"AIS.19","150400453",2022-06-26 20:24:43,"FUYUANYU 715",NA,-45.9121783333333,-60.209265,0.7
"AIS.19","150400453",2022-06-17 08:39:22,"FUYUANYU 715",NA,-46.3921916666667,-60.4348416666667,1.4
"AIS.19","150400453",2022-06-29 02:04:01,"FUYUANYU 715",NA,-45.70751,-60.1944266666667,0.2
"AIS.19","150400453",2022-05-22 00:55:12,"FUYUANYU 715",NA,-45.9891666666667,-60.22205,0.4
"AIS.19","150400453",2022-07-07 18:34:48,"FUYUANYU 715",NA,-46.62074,-60.6694216666667,0.4
"AIS.19","150400453",2022-07-04 03:29:55,"FUYUANYU 715",NA,-46.467875,-60.4517866666667,1.1
"AIS.19","150400453",2022-07-17 20:37:18,"FUYUANYU 715",NA,-45.5249816666667,-59.8591983333333,1.1
"AIS.19","150400453",2022-07-20 18:52:48,"FUYUANYU 715",NA,-44.5325983333333,-59.03702,1.3
"AIS.19","150400453",2022-07-24 12:40:08,"FUYUANYU 715",NA,-46.1622516666667,-60.3583116666667,0.2
"AIS.19","150400453",2022-05-19 20:45:50,"FUYUANYU 715",NA,-45.5697766666667,-60.2094083333333,0.8
"AIS.19","150400453",2022-05-21 06:35:39,"FUYUANYU 715",NA,-46.091595,-60.23167,1
"AIS.19","150400453",2022-05-12 09:44:20,"FUYUANYU 715",NA,-45.4470483333333,-60.1134816666667,0.6
"AIS.19","150400453",2022-07-17 01:48:11,"FUYUANYU 715",NA,-46.2880366666667,-60.49713,0.6
"AIS.19","150400453",2022-01-12 02:48:03,"FUYUANYU 715",NA,-45.7327716666667,-60.55278,0.7
"AIS.19","150400453",2022-06-12 11:50:06,"FUYUANYU 715",NA,-45.4535233333333,-60.1303833333333,8
"AIS.19","150400453",2022-04-30 02:26:52,"FUYUANYU 715",NA,-45.552395,-60.13472,7.4
"AIS.19","150400453",2022-03-08 12:41:56,"FUYUANYU 715",NA,-44.75011,-59.3772883333333,9
"AIS.19","150400453",2022-02-21 19:34:39,"FUYUANYU 715",NA,-45.7168983333333,-60.6435933333333,3.7
"AIS.19","150400453",2022-01-28 06:24:03,"FUYUANYU 715",NA,-45.3779666666667,-60.5089683333333,3.9
"AIS.19","150400453",2022-04-15 15:13:49,"FUYUANYU 715",NA,-45.6955233333333,-60.1317766666667,1.6
"AIS.19","150400453",2022-06-10 20:04:58,"FUYUANYU 715",NA,-46.91854,-58.3613033333333,9
"AIS.19","150400453",2022-01-09 02:43:09,"FUYUANYU 715",NA,-45.1743083333333,-60.3635966666667,3.9
"AIS.19","150400453",2022-04-07 11:43:18,"FUYUANYU 715",NA,-45.6213716666667,-60.09963,4.5
"AIS.19","150400453",2022-03-02 04:21:04,"FUYUANYU 715",NA,-45.9240733333333,-60.1898433333333,8.3
"AIS.19","150400453",2022-07-11 16:59:05,"FUYUANYU 715",NA,-46.027255,-60.1939583333333,4.5
"AIS.19","150400453",2022-07-07 16:58:44,"FUYUANYU 715",NA,-46.622695,-60.6651683333333,1.3
"AIS.19","150400453",2022-01-02 06:41:07,"FUYUANYU 715",NA,-45.5991983333333,-60.2976333333333,1.7
"AIS.19","150400453",2022-07-09 19:08:11,"FUYUANYU 715",NA,-46.4568183333333,-60.4113183333333,3.5
"AIS.19","150400453",2022-06-06 11:03:27,"FUYUANYU 715",NA,-45.7741566666667,-60.1249883333333,4.2
"AIS.19","150400453",2022-05-18 12:44:39,"FUYUANYU 715",NA,-45.5752366666667,-60.1978616666667,7.4
"AIS.19","150400453",2022-01-27 19:22:39,"FUYUANYU 715",NA,-45.2530716666667,-60.47387,4.2
"AIS.19","150400453",2022-06-24 12:01:50,"FUYUANYU 715",NA,-46.16763,-60.243395,4.6
"AIS.19","150400453",2022-01-09 01:19:00,"FUYUANYU 715",NA,-45.22839,-60.4514266666667,3.4
"AIS.19","150400453",2022-03-23 14:30:08,"FUYUANYU 715",NA,-45.49757,-60.09926,4
"AIS.19","150400453",2022-06-04 15:24:24,"FUYUANYU 715",NA,-45.8931666666667,-60.1420716666667,4.1
"AIS.19","150400453",2022-04-07 15:37:48,"FUYUANYU 715",NA,-45.3238583333333,-60.0517333333333,4.6
"AIS.19","150400453",2022-07-23 15:15:20,"FUYUANYU 715",NA,-46.127645,-60.2259383333333,3.1
"AIS.19","150400453",2022-02-19 13:30:48,"FUYUANYU 715",NA,-45.7822883333333,-60.6652333333333,4.6
"AIS.19","150400453",2022-05-30 19:09:23,"FUYUANYU 715",NA,-45.53812,-60.0595883333333,2
"AIS.19","150400453",2022-07-13 11:25:40,"FUYUANYU 715",NA,-46.2055716666667,-60.25895,3.9
"AIS.19","150400453",2022-07-11 13:22:41,"FUYUANYU 715",NA,-46.2395583333333,-60.3015083333333,4.3
"AIS.19","150400453",2022-03-31 16:30:17,"FUYUANYU 715",NA,-45.3001733333333,-60.0699016666667,4.5
"AIS.19","150400453",2022-06-28 18:39:40,"FUYUANYU 715",NA,-45.5668616666667,-60.108845,4.2
"AIS.19","150400453",2022-06-25 14:04:43,"FUYUANYU 715",NA,-46.1003783333333,-60.2278866666667,4.4
"AIS.19","150400453",2022-06-04 13:12:06,"FUYUANYU 715",NA,-46.0311716666667,-60.1698016666667,3.8
"AIS.19","150400453",2022-02-02 01:22:21,"FUYUANYU 715",NA,-45.2786616666667,-60.5200583333333,3.5
"AIS.19","150400453",2022-04-02 04:56:44,"FUYUANYU 715",NA,-46.3821766666667,-60.248555,8.4
"AIS.19","150400453",2022-03-12 11:20:28,"FUYUANYU 715",NA,-45.7304716666667,-60.1432433333333,4.4
"AIS.19","150400453",2022-06-20 11:48:26,"FUYUANYU 715",NA,-46.113205,-60.2169533333333,5
"AIS.19","150400453",2022-06-24 17:32:28,"FUYUANYU 715",NA,-45.98921,-60.1871483333333,2.9
"AIS.19","150400453",2022-05-08 19:02:12,"FUYUANYU 715",NA,-46.52367,-60.5306733333333,1.7
"AIS.19","150400453",2022-04-20 13:45:36,"FUYUANYU 715",NA,-46.3389816666667,-60.2866983333333,4.3
"AIS.19","150400453",2022-01-12 18:01:25,"FUYUANYU 715",NA,-45.539705,-60.5745066666667,4.9
"AIS.19","150400453",2022-06-16 16:38:33,"FUYUANYU 715",NA,-46.1903183333333,-60.2491183333333,3.5
"AIS.19","150400453",2022-01-04 16:38:26,"FUYUANYU 715",NA,-45.3337566666667,-60.0591366666667,1.7
"AIS.19","150400453",2022-04-19 14:32:18,"FUYUANYU 715",NA,-46.5485283333333,-60.05588,1
"AIS.19","150400453",2022-05-13 04:09:49,"FUYUANYU 715",NA,-46.0902816666667,-60.21051,1.5
"AIS.19","150400453",2021-12-23 04:55:46,"FUYUANYU 715",NA,-45.485655,-60.4186216666667,0.3
"AIS.19","150400453",2022-06-19 18:41:44,"FUYUANYU 715",NA,-46.0598066666667,-60.246485,0.7
"AIS.19","150400453",2022-06-01 02:48:16,"FUYUANYU 715",NA,-45.5015316666667,-60.1545933333333,0.7
"AIS.19","150400453",2021-12-23 07:25:56,"FUYUANYU 715",NA,-45.4856466666667,-60.419195,0.2
"AIS.19","150400453",2022-04-20 04:08:47,"FUYUANYU 715",NA,-46.62564,-60.0647483333333,0.4
"AIS.19","150400453",2022-06-13 12:27:13,"FUYUANYU 715",NA,-45.636015,-60.097915,3.3
"AIS.19","150400453",2022-06-29 13:04:38,"FUYUANYU 715",NA,-45.863635,-60.1588433333333,3.7
"AIS.19","150400453",2022-05-04 17:42:26,"FUYUANYU 715",NA,-46.1251116666667,-60.19069,3.5
"AIS.19","150400453",2022-02-19 20:19:46,"FUYUANYU 715",NA,-45.6418633333333,-60.6295316666667,4.6
"AIS.19","150400453",2022-04-22 19:38:33,"FUYUANYU 715",NA,-45.2333116666667,-60.0450716666667,9.7
"AIS.19","150400453",2022-02-07 12:19:13,"FUYUANYU 715",NA,-45.3271433333333,-60.5191866666667,4.5
"AIS.19","150400453",2022-06-29 20:11:30,"FUYUANYU 715",NA,-46.2173416666667,-60.2821666666667,1.8
"AIS.19","150400453",2022-07-15 12:28:28,"FUYUANYU 715",NA,-46.1889566666667,-60.2542016666667,3.4
"AIS.19","150400453",2022-03-22 03:50:30,"FUYUANYU 715",NA,-45.7057516666667,-59.7894433333333,1.6
"AIS.19","150400453",2022-05-28 14:53:27,"FUYUANYU 715",NA,-46.0539966666667,-60.3356133333333,5.7
"AIS.19","150400453",2022-06-01 18:07:36,"FUYUANYU 715",NA,-45.8946666666667,-60.158575,3.5
"AIS.19","150400453",2022-05-02 12:02:16,"FUYUANYU 715",NA,-45.8061216666667,-60.131815,3.6
"AIS.19","150400453",2022-07-22 20:31:05,"FUYUANYU 715",NA,-44.643025,-59.3366833333333,7
"AIS.19","150400453",2022-04-10 15:14:55,"FUYUANYU 715",NA,-46.0497283333333,-60.188585,3.5
"AIS.19","150400453",2022-05-11 14:37:20,"FUYUANYU 715",NA,-45.7741566666667,-60.129205,4.4
"AIS.19","150400453",2022-04-02 01:44:22,"FUYUANYU 715",NA,-45.9312383333333,-60.21373,8.3
"AIS.19","150400453",2021-12-24 07:33:52,"FUYUANYU 715",NA,-45.40485,-60.50345,0.8
"AIS.19","150400453",2022-06-18 19:34:30,"FUYUANYU 715",NA,-45.95549,-60.1998916666667,1.1
"AIS.19","150400453",2022-06-12 19:50:30,"FUYUANYU 715",NA,-45.7356416666667,-60.207115,1
"AIS.19","150400453",2022-05-04 02:23:09,"FUYUANYU 715",NA,-45.6482133333333,-60.14425,1.2
"AIS.19","150400453",2022-06-05 01:19:17,"FUYUANYU 715",NA,-45.811255,-60.1803783333333,1
"AIS.19","150400453",2022-07-04 02:35:53,"FUYUANYU 715",NA,-46.4687983333333,-60.46579,0.6
"AIS.19","150400453",2022-05-23 03:50:34,"FUYUANYU 715",NA,-46.1601616666667,-60.27098,0.6
"AIS.19","150400453",2022-05-05 00:18:53,"FUYUANYU 715",NA,-46.2408933333333,-60.3096316666667,0.6
"AIS.19","150400453",2022-05-21 03:41:35,"FUYUANYU 715",NA,-46.092005,-60.23164,0.7
"AIS.19","150400453",2022-07-13 06:01:20,"FUYUANYU 715",NA,-46.1952766666667,-60.2833416666667,1.2
"AIS.19","150400453",2022-05-03 06:21:35,"FUYUANYU 715",NA,-45.1635183333333,-59.93046,1.2
"AIS.19","150400453",2022-07-16 19:12:01,"FUYUANYU 715",NA,-46.29958,-60.5039683333333,0.7
"AIS.19","150400453",2022-07-17 23:25:16,"FUYUANYU 715",NA,-45.4663533333333,-59.8368983333333,1.4
"AIS.19","150400453",2022-05-15 01:47:18,"FUYUANYU 715",NA,-45.25108,-60.0051983333333,1.4
"AIS.19","150400453",2022-04-27 15:45:16,"FUYUANYU 715",NA,-45.7479233333333,-60.0893183333333,1.4
"AIS.19","150400453",2022-01-18 05:18:31,"FUYUANYU 715",NA,-46.0522766666667,-60.64415,0.8
"AIS.19","150400453",2022-07-19 08:15:42,"FUYUANYU 715",NA,-45.0792816666667,-59.2082216666667,1.1
"AIS.19","150400453",2022-02-13 08:06:49,"FUYUANYU 715",NA,-45.45813,-60.55922,0.8
"AIS.19","150400453",2022-02-21 00:51:17,"FUYUANYU 715",NA,-45.4886083333333,-60.4044833333333,1.3
"AIS.19","150400453",2022-07-23 18:51:39,"FUYUANYU 715",NA,-46.1623983333333,-60.3577166666667,0.6
"AIS.19","150400453",2022-06-22 00:33:09,"FUYUANYU 715",NA,-46.2785816666667,-60.3476533333333,1.5
"AIS.19","150400453",2022-07-15 18:59:15,"FUYUANYU 715",NA,-46.43309,-60.5340133333333,0.6
"AIS.19","150400453",2022-05-23 01:32:29,"FUYUANYU 715",NA,-46.1601316666667,-60.271185,0.6
"AIS.19","150400453",2022-05-29 19:13:38,"FUYUANYU 715",NA,-46.107465,-60.2894416666667,1.2
"AIS.19","150400453",2022-04-24 11:47:05,"FUYUANYU 715",NA,-43.7488483333333,-58.055495,1.2
"AIS.19","150400453",2022-05-13 19:28:17,"FUYUANYU 715",NA,-45.8989333333333,-60.048395,1.2
"AIS.19","150400453",2022-02-27 04:16:17,"FUYUANYU 715",NA,-45.7521116666667,-60.1780016666667,1.2
"AIS.19","150400453",2022-05-29 05:49:03,"FUYUANYU 715",NA,-46.2802483333333,-60.4003933333333,1.4
"AIS.19","150400453",2022-07-20 07:16:23,"FUYUANYU 715",NA,-44.7328633333333,-59.08784,1.4
"AIS.19","150400453",2022-07-12 21:31:06,"FUYUANYU 715",NA,-46.247805,-60.3096466666667,1.4
"AIS.19","150400453",2022-03-20 04:47:06,"FUYUANYU 715",NA,-45.6575,-60.139635,0.4
"AIS.19","150400453",2022-06-05 16:08:12,"FUYUANYU 715",NA,-45.4497916666667,-60.0609283333333,0.8
"AIS.19","150400453",2022-02-05 01:43:16,"FUYUANYU 715",NA,-45.3114716666667,-60.3707916666667,0.9
"AIS.19","150400453",2022-05-08 02:49:29,"FUYUANYU 715",NA,-46.647745,-60.5814366666667,0.4
"AIS.19","150400453",2022-05-19 17:27:44,"FUYUANYU 715",NA,-45.5694483333333,-60.210085,0.9
"AIS.19","150400453",2022-06-30 21:54:21,"FUYUANYU 715",NA,-45.939045,-60.4341233333333,0.5
"AIS.19","150400453",2022-06-12 02:37:41,"FUYUANYU 715",NA,-45.4046183333333,-60.1150516666667,1
"AIS.19","150400453",2022-06-17 19:39:45,"FUYUANYU 715",NA,-46.296935,-60.3879483333333,1
"AIS.19","150400453",2022-05-13 12:28:04,"FUYUANYU 715",NA,-45.9745533333333,-60.1213133333333,1.2
"AIS.19","150400453",2022-04-03 01:15:41,"FUYUANYU 715",NA,-46.42698,-60.3451733333333,1.4
"AIS.19","150400453",2022-02-28 13:03:00,"FUYUANYU 715",NA,-46.1219366666667,-59.2660266666667,1.4
"AIS.19","150400453",2022-06-17 19:57:45,"FUYUANYU 715",NA,-46.29609,-60.3836516666667,1.4
"AIS.19","150400453",2021-12-28 08:17:28,"FUYUANYU 715",NA,-45.1527733333333,-60.2348566666667,2.6
"AIS.19","150400453",2022-06-15 18:01:00,"FUYUANYU 715",NA,-45.80866,-60.2736483333333,3.4
"AIS.19","150400453",2022-04-08 19:53:11,"FUYUANYU 715",NA,-45.0747683333333,-59.996165,4.3
"AIS.19","150400453",2022-07-11 19:11:24,"FUYUANYU 715",NA,-45.866475,-60.163435,4.5
"AIS.19","150400453",2022-06-15 13:18:31,"FUYUANYU 715",NA,-45.9835833333333,-60.1823066666667,4.5
"AIS.19","150400453",2022-05-01 12:05:44,"FUYUANYU 715",NA,-45.6255383333333,-60.0987166666667,4.1
"AIS.19","150400453",2022-04-01 14:30:42,"FUYUANYU 715",NA,-45.69315,-60.1305583333333,4.4
"AIS.19","150400453",2022-03-25 14:29:03,"FUYUANYU 715",NA,-45.15123,-60.0579983333333,4.4
"AIS.19","150400453",2022-05-02 11:02:11,"FUYUANYU 715",NA,-45.8690166666667,-60.14481,3.8
"AIS.19","150400453",2022-04-08 12:10:11,"FUYUANYU 715",NA,-45.636885,-60.10537,4.5
"AIS.19","150400453",2022-06-13 11:57:11,"FUYUANYU 715",NA,-45.60785,-60.0913133333333,3.6
"AIS.19","150400453",2022-04-22 12:43:44,"FUYUANYU 715",NA,-45.7022266666667,-60.1182,4.7
"AIS.19","150400453",2022-03-25 15:35:11,"FUYUANYU 715",NA,-45.088165,-60.0550233333333,2.8
"AIS.19","150400453",2022-02-10 05:09:29,"FUYUANYU 715",NA,-45.2827433333333,-60.457195,3.6
"AIS.19","150400453",2022-06-04 13:36:09,"FUYUANYU 715",NA,-46.0061683333333,-60.16669,3.9
"AIS.19","150400453",2022-03-06 10:31:24,"FUYUANYU 715",NA,-45.5604833333333,-60.1378133333333,3.6
"AIS.19","150400453",2022-06-09 07:44:54,"FUYUANYU 715",NA,-46.374835,-58.9101783333333,8.9
"AIS.19","150400453",2022-01-20 12:12:17,"FUYUANYU 715",NA,-45.27102,-60.51973,4.3
"AIS.19","150400453",2022-03-19 06:20:18,"FUYUANYU 715",NA,-45.9037266666667,-60.2603,7
"AIS.19","150400453",2022-07-09 16:13:49,"FUYUANYU 715",NA,-46.29976,-60.3002016666667,3.9
"AIS.19","150400453",2022-03-17 01:38:38,"FUYUANYU 715",NA,-45.469575,-60.03648,7.7
"AIS.19","150400453",2022-03-07 01:33:01,"FUYUANYU 715",NA,-45.52021,-60.1724383333333,3.2
"AIS.19","150400453",2022-07-05 15:37:36,"FUYUANYU 715",NA,-46.2104433333333,-60.2660566666667,3.7
"AIS.19","150400453",2022-05-10 19:47:45,"FUYUANYU 715",NA,-45.2999466666667,-60.06187,1.9
"AIS.19","150400453",2022-04-05 11:56:38,"FUYUANYU 715",NA,-45.7130066666667,-60.122825,4.5
"AIS.19","150400453",2022-04-20 20:10:28,"FUYUANYU 715",NA,-45.90812,-60.1456983333333,4.2
"AIS.19","150400453",2022-07-11 15:40:59,"FUYUANYU 715",NA,-46.1219066666667,-60.2254516666667,4.7
"AIS.19","150400453",2022-03-20 03:46:59,"FUYUANYU 715",NA,-45.5749066666667,-60.14082,7.5
"AIS.19","150400453",2022-07-06 06:32:30,"FUYUANYU 715",NA,-46.1868716666667,-60.2710133333333,3.6
"AIS.19","150400453",2022-03-08 15:30:18,"FUYUANYU 715",NA,-44.3979166666667,-59.020315,9.8
"AIS.19","150400453",2022-02-24 19:35:43,"FUYUANYU 715",NA,-45.45821,-60.2850066666667,3.6
"AIS.19","150400453",2022-01-18 19:13:39,"FUYUANYU 715",NA,-45.8137583333333,-60.660955,4.7
"AIS.19","150400453",2022-05-11 17:43:44,"FUYUANYU 715",NA,-45.54571,-60.0811,4.4
"AIS.19","150400453",2022-07-21 13:59:37,"FUYUANYU 715",NA,-44.4436416666667,-59.13558,6.4
"AIS.19","150400453",2022-02-22 18:25:25,"FUYUANYU 715",NA,-45.4951166666667,-60.25478,2.7
"AIS.19","150400453",2022-03-25 03:10:01,"FUYUANYU 715",NA,-45.50898,-60.1704683333333,8.3
"AIS.19","150400453",2022-07-23 01:01:42,"FUYUANYU 715",NA,-45.0826216666667,-59.6229266666667,6.4
"AIS.19","150400453",2022-06-06 12:39:39,"FUYUANYU 715",NA,-45.6615583333333,-60.1067866666667,4.3
"AIS.19","150400453",2022-06-29 05:34:09,"FUYUANYU 715",NA,-45.7067566666667,-60.1959466666667,1.8
"AIS.19","150400453",2022-07-08 16:42:15,"FUYUANYU 715",NA,-46.3333916666667,-60.30555,4
"AIS.19","150400453",2022-05-21 20:43:00,"FUYUANYU 715",NA,-45.9769683333333,-60.1797666666667,3.8
"AIS.19","150400453",2022-01-02 08:59:13,"FUYUANYU 715",NA,-45.5845766666667,-60.2655233333333,2
"AIS.19","150400453",2022-07-05 13:43:30,"FUYUANYU 715",NA,-46.0998366666667,-60.214075,3.8
"AIS.19","150400453",2022-07-09 16:19:46,"FUYUANYU 715",NA,-46.3056583333333,-60.3031916666667,3.8
"AIS.19","150400453",2022-02-04 07:29:29,"FUYUANYU 715",NA,-45.4046783333333,-60.58332,4.7
"AIS.19","150400453",2022-01-21 15:26:32,"FUYUANYU 715",NA,-45.4276166666667,-60.5592016666667,4.2
"AIS.19","150400453",2022-05-24 08:39:56,"FUYUANYU 715",NA,-45.5368433333333,-59.92273,1.7
"AIS.19","150400453",2022-03-23 11:47:45,"FUYUANYU 715",NA,-45.6736533333333,-60.136095,4.2
"AIS.19","150400453",2022-01-09 19:50:55,"FUYUANYU 715",NA,-45.7056116666667,-60.5888316666667,3.9
"AIS.19","150400453",2022-02-02 04:22:42,"FUYUANYU 715",NA,-45.442585,-60.6076283333333,3.7
"AIS.19","150400453",2022-06-28 01:14:19,"FUYUANYU 715",NA,-46.10634,-60.26876,0.5
"AIS.19","150400453",2022-06-25 21:05:27,"FUYUANYU 715",NA,-45.7250966666667,-60.164615,0.3
"AIS.19","150400453",2022-01-13 21:52:25,"FUYUANYU 715",NA,-45.63097,-60.6115116666667,4.4
"AIS.19","150400453",2022-05-02 13:26:27,"FUYUANYU 715",NA,-45.7277666666667,-60.11194,3
"AIS.19","150400453",2022-07-18 17:02:46,"FUYUANYU 715",NA,-44.774575,-58.7901816666667,7.2
"AIS.19","150400453",2022-01-06 05:59:16,"FUYUANYU 715",NA,-45.3217233333333,-60.49686,4.5
"AIS.19","150400453",2022-06-18 18:04:28,"FUYUANYU 715",NA,-45.9680166666667,-60.20363,0.8
"AIS.19","150400453",2022-07-07 23:52:56,"FUYUANYU 715",NA,-46.6225466666667,-60.69173,1.1
"AIS.19","150400453",2022-07-07 01:52:03,"FUYUANYU 715",NA,-46.609715,-60.6268516666667,0.9
"AIS.19","150400453",2022-06-04 01:35:34,"FUYUANYU 715",NA,-46.146575,-60.2538633333333,0.9
"AIS.19","150400453",2022-05-21 05:53:39,"FUYUANYU 715",NA,-46.0915666666667,-60.2317466666667,0.9
"AIS.19","150400453",2022-07-25 01:04:30,"FUYUANYU 715",NA,-46.1621766666667,-60.3581516666667,0.5
"AIS.19","150400453",2022-04-15 19:25:59,"FUYUANYU 715",NA,-45.6109533333333,-60.11542,1
"AIS.19","150400453",2022-06-22 00:39:12,"FUYUANYU 715",NA,-46.27858,-60.3476516666667,1
"AIS.19","150400453",2022-01-02 17:11:30,"FUYUANYU 715",NA,-45.4783616666667,-60.1784816666667,1.2
"AIS.19","150400453",2022-05-07 04:59:34,"FUYUANYU 715",NA,-46.0978033333333,-60.2871216666667,0.3
"AIS.19","150400453",2022-05-18 14:20:44,"FUYUANYU 715",NA,-45.5854416666667,-60.2006466666667,1.2
"AIS.19","150400453",2022-05-14 00:52:31,"FUYUANYU 715",NA,-45.8044466666667,-60.0130116666667,1.2
"AIS.19","150400453",2022-05-08 03:31:28,"FUYUANYU 715",NA,-46.6478383333333,-60.5814066666667,0.7
"AIS.19","150400453",2022-05-19 08:27:24,"FUYUANYU 715",NA,-45.6504133333333,-60.201295,1.4
"AIS.19","150400453",2022-07-24 07:39:56,"FUYUANYU 715",NA,-46.1621733333333,-60.35865,0.2
"AIS.19","150400453",2022-07-07 16:34:41,"FUYUANYU 715",NA,-46.6231583333333,-60.6647383333333,0.8
"AIS.19","150400453",2022-07-07 07:22:20,"FUYUANYU 715",NA,-46.6294933333333,-60.67394,0.8
"AIS.19","150400453",2022-06-18 12:16:15,"FUYUANYU 715",NA,-46.0254116666667,-60.2301433333333,0.8
"AIS.19","150400453",2022-01-30 05:54:26,"FUYUANYU 715",NA,-45.9662783333333,-60.3430933333333,0.4
"AIS.19","150400453",2022-06-04 07:29:45,"FUYUANYU 715",NA,-46.1299533333333,-60.2125216666667,0.8
"AIS.19","150400453",2022-05-08 13:43:56,"FUYUANYU 715",NA,-46.5888516666667,-60.5936966666667,0.9
"AIS.19","150400453",2022-04-24 15:29:11,"FUYUANYU 715",NA,-43.7256583333333,-57.999495,0.9
"AIS.19","150400453",2022-07-19 02:15:28,"FUYUANYU 715",NA,-45.1609066666667,-59.2181733333333,1.5
"AIS.19","150400453",2022-05-11 02:54:31,"FUYUANYU 715",NA,-46.08961,-60.2261383333333,0.3
"AIS.19","150400453",2022-07-05 04:00:55,"FUYUANYU 715",NA,-46.1849933333333,-60.0986283333333,1.2
"AIS.19","150400453",2022-01-06 08:17:35,"FUYUANYU 715",NA,-45.4481683333333,-60.5626983333333,0.7
"AIS.19","150400453",2022-02-19 06:53:43,"FUYUANYU 715",NA,-45.48392,-60.1706816666667,0.7
"AIS.19","150400453",2022-06-17 14:03:31,"FUYUANYU 715",NA,-46.3131016666667,-60.415405,1.4
"AIS.19","150400453",2022-05-10 03:10:24,"FUYUANYU 715",NA,-46.0004716666667,-60.204625,0.5
"AIS.19","150400453",2022-05-23 18:27:30,"FUYUANYU 715",NA,-45.7795283333333,-60.05069,1
"AIS.19","150400453",2022-01-10 02:15:21,"FUYUANYU 715",NA,-45.77016,-60.5343966666667,0.6
"AIS.19","150400453",2022-05-31 03:58:09,"FUYUANYU 715",NA,-46.0343116666667,-60.2054166666667,1.4
"AIS.19","150400453",2022-05-04 03:11:10,"FUYUANYU 715",NA,-45.6377883333333,-60.1353116666667,1.4
"AIS.19","150400453",2022-03-04 03:55:47,"FUYUANYU 715",NA,-45.8280566666667,-60.3424883333333,0.4
"AIS.19","150400453",2022-06-07 03:11:03,"FUYUANYU 715",NA,-45.3812666666667,-60.1082066666667,0.8
"AIS.19","150400453",2022-01-14 01:22:38,"FUYUANYU 715",NA,-45.6051233333333,-60.4529666666667,0.4
"AIS.19","150400453",2022-05-05 01:18:56,"FUYUANYU 715",NA,-46.2405666666667,-60.3099216666667,0.8
"AIS.19","150400453",2022-05-31 05:04:11,"FUYUANYU 715",NA,-46.0159233333333,-60.199265,1.1
"AIS.19","150400453",2022-01-17 04:46:59,"FUYUANYU 715",NA,-45.6530833333333,-60.4477416666667,1.3
"AIS.19","150400453",2022-07-03 21:35:28,"FUYUANYU 715",NA,-46.3450766666667,-60.3106916666667,1.3
"AIS.19","150400453",2022-04-25 13:29:50,"FUYUANYU 715",NA,-43.6989716666667,-57.8144833333333,0.5
"AIS.19","150400453",2022-07-07 19:40:48,"FUYUANYU 715",NA,-46.62022,-60.67415,1
"AIS.19","150400453",2022-04-16 05:32:18,"FUYUANYU 715",NA,-45.4476383333333,-60.089765,1
"AIS.19","150400453",2022-06-19 19:53:51,"FUYUANYU 715",NA,-46.05999,-60.2458833333333,1.5
"AIS.19","150400453",2022-06-04 02:29:35,"FUYUANYU 715",NA,-46.1454666666667,-60.2463216666667,0.6
"AIS.19","150400453",2022-04-11 05:09:53,"FUYUANYU 715",NA,-46.17654,-60.1655566666667,1.2
"AIS.19","150400453",2022-02-19 23:56:12,"FUYUANYU 715",NA,-45.5279383333333,-60.545235,8.2
"AIS.19","150400453",2022-06-23 17:42:31,"FUYUANYU 715",NA,-46.0008233333333,-60.189285,4.3
"AIS.19","150400453",2022-06-19 15:17:26,"FUYUANYU 715",NA,-46.0868466666667,-60.205945,5.3
"AIS.19","150400453",2022-02-19 13:36:52,"FUYUANYU 715",NA,-45.78994,-60.662825,4.6
"AIS.19","150400453",2022-05-27 13:46:43,"FUYUANYU 715",NA,-46.4657466666667,-60.522215,2.9
"AIS.19","150400453",2022-03-05 02:40:38,"FUYUANYU 715",NA,-45.4625183333333,-60.1990416666667,4.5
"AIS.19","150400453",2022-04-20 20:58:30,"FUYUANYU 715",NA,-45.8533916666667,-60.1381083333333,4.1
"AIS.19","150400453",2022-01-10 04:57:26,"FUYUANYU 715",NA,-45.7703883333333,-60.53426,1.1
"AIS.19","150400453",2022-05-18 14:26:44,"FUYUANYU 715",NA,-45.5854516666667,-60.2007116666667,0.9
"AIS.19","150400453",2022-05-29 16:25:27,"FUYUANYU 715",NA,-46.1410533333333,-60.3231383333333,1.3
"AIS.19","150400453",2022-07-14 01:50:37,"FUYUANYU 715",NA,-46.5364283333333,-60.535665,1.3
"AIS.19","150400453",2022-02-28 17:57:28,"FUYUANYU 715",NA,-46.01267,-59.2481733333333,1.9
"AIS.19","150400453",2022-03-04 18:39:31,"FUYUANYU 715",NA,-45.386685,-60.2466766666667,4
"AIS.19","150400453",2022-01-20 12:18:21,"FUYUANYU 715",NA,-45.277055,-60.5252,4.2
"AIS.19","150400453",2022-07-12 18:55:01,"FUYUANYU 715",NA,-46.2430616666667,-60.26965,1.6
"AIS.19","150400453",2022-01-30 01:35:54,"FUYUANYU 715",NA,-45.3809866666667,-60.30241,9
"AIS.19","150400453",2022-06-24 15:56:15,"FUYUANYU 715",NA,-45.9159666666667,-60.1763333333333,9.7
"AIS.19","150400453",2021-12-27 20:52:09,"FUYUANYU 715",NA,-45.7719433333333,-60.58009,4.2
"AIS.19","150400453",2022-06-09 04:08:27,"FUYUANYU 715",NA,-46.14142,-59.6234216666667,9.1
"AIS.19","150400453",2022-01-06 04:35:04,"FUYUANYU 715",NA,-45.230605,-60.4368516666667,4.1
"AIS.19","150400453",2021-12-25 17:30:15,"FUYUANYU 715",NA,-45.46059,-60.5287633333333,4
"AIS.19","150400453",2022-05-24 13:28:30,"FUYUANYU 715",NA,-45.7259116666667,-60.132855,3.3
"AIS.19","150400453",2022-05-13 18:58:13,"FUYUANYU 715",NA,-45.905795,-60.0532933333333,1.6
"AIS.19","150400453",2022-04-10 19:15:30,"FUYUANYU 715",NA,-46.2701283333333,-60.2514283333333,3.5
"AIS.19","150400453",2022-05-27 06:34:11,"FUYUANYU 715",NA,-46.347725,-60.412045,7.1
"AIS.19","150400453",2022-02-25 00:30:20,"FUYUANYU 715",NA,-45.8072633333333,-60.3028483333333,8.8
"AIS.19","150400453",2022-04-20 16:03:56,"FUYUANYU 715",NA,-46.1833766666667,-60.2230183333333,4.3
"AIS.19","150400453",2022-03-06 16:08:05,"FUYUANYU 715",NA,-45.861085,-60.15354,2.5
"AIS.19","150400453",2022-07-09 19:08:13,"FUYUANYU 715",NA,-46.4568183333333,-60.4113183333333,3.5
"AIS.19","150400453",2022-07-18 11:44:21,"FUYUANYU 715",NA,-44.5418216666667,-58.57394,1.6
"AIS.19","150400453",2022-05-05 19:14:32,"FUYUANYU 715",NA,-45.6962083333333,-60.1110716666667,4.2
"AIS.19","150400453",2022-05-07 19:07:00,"FUYUANYU 715",NA,-46.6033033333333,-60.446665,3.3
"AIS.19","150400453",2022-01-05 09:09:00,"FUYUANYU 715",NA,-45.0488966666667,-60.160765,9.2
"AIS.19","150400453",2022-06-25 03:27:32,"FUYUANYU 715",NA,-46.4150516666667,-60.358385,2
"AIS.19","150400453",2022-01-10 08:39:33,"FUYUANYU 715",NA,-45.7783916666667,-60.615575,8.6
"AIS.19","150400453",2022-03-17 01:32:39,"FUYUANYU 715",NA,-45.4564166666667,-60.0363716666667,7.8
"AIS.19","150400453",2022-07-19 14:27:54,"FUYUANYU 715",NA,-44.9981533333333,-59.1991416666667,1.6
"AIS.19","150400453",2022-02-03 11:32:48,"FUYUANYU 715",NA,-45.3261616666667,-60.5535116666667,4.3
"AIS.19","150400453",2022-06-11 01:29:39,"FUYUANYU 715",NA,-46.442125,-59.3905633333333,10.3
"AIS.19","150400453",2022-07-03 18:11:14,"FUYUANYU 715",NA,-46.322245,-60.3256966666667,3.8
"AIS.19","150400453",2022-06-11 11:24:29,"FUYUANYU 715",NA,-45.96574,-60.1558933333333,4.5
"AIS.19","150400453",2022-06-25 12:16:28,"FUYUANYU 715",NA,-46.2332,-60.2733116666667,4.6
"AIS.19","150400453",2022-05-05 18:26:26,"FUYUANYU 715",NA,-45.7527,-60.1226966666667,4.3
"AIS.19","150400453",2022-01-18 13:01:01,"FUYUANYU 715",NA,-45.9262933333333,-60.7000816666667,4.2
"AIS.19","150400453",2022-02-17 04:07:00,"FUYUANYU 715",NA,-45.2831616666667,-60.441155,4.2
"AIS.19","150400453",2022-05-20 18:16:58,"FUYUANYU 715",NA,-45.838205,-60.1566966666667,3.9
"AIS.19","150400453",2022-05-22 20:02:08,"FUYUANYU 715",NA,-46.0214633333333,-60.1865566666667,3.4
"AIS.19","150400453",2022-06-19 00:10:37,"FUYUANYU 715",NA,-45.8980666666667,-60.1927016666667,1
"AIS.19","150400453",2022-05-05 06:13:05,"FUYUANYU 715",NA,-46.23986,-60.31112,0.3
"AIS.19","150400453",2022-01-11 17:53:55,"FUYUANYU 715",NA,-45.832215,-60.5707383333333,1.2
"AIS.19","150400453",2022-06-26 20:24:41,"FUYUANYU 715",NA,-45.9121783333333,-60.209265,0.7
"AIS.19","150400453",2022-06-12 16:08:25,"FUYUANYU 715",NA,-45.7626383333333,-60.2376916666667,0.7
"AIS.19","150400453",2022-07-17 04:30:16,"FUYUANYU 715",NA,-46.2761716666667,-60.4890316666667,1.4
"AIS.19","150400453",2022-06-13 03:32:44,"FUYUANYU 715",NA,-45.6277983333333,-60.1183,1.4
"AIS.19","150400453",2022-06-18 06:46:06,"FUYUANYU 715",NA,-46.1345833333333,-60.2315333333333,2.1
"AIS.19","150400453",2022-06-13 17:09:44,"FUYUANYU 715",NA,-45.8917166666667,-60.1424583333333,3.3
"AIS.19","150400453",2022-06-27 16:43:51,"FUYUANYU 715",NA,-45.9801966666667,-60.1849383333333,3.3
"AIS.19","150400453",2022-05-06 18:10:53,"FUYUANYU 715",NA,-46.0229383333333,-60.155095,4.5
"AIS.19","150400453",2022-06-29 12:58:38,"FUYUANYU 715",NA,-45.8577383333333,-60.1580866666667,3.6
"AIS.19","150400453",2022-05-14 17:41:01,"FUYUANYU 715",NA,-45.4451266666667,-59.96611,1.6
"AIS.19","150400453",2022-07-09 19:26:19,"FUYUANYU 715",NA,-46.4699233333333,-60.4275866666667,3.8
"AIS.19","150400453",2022-06-03 14:04:40,"FUYUANYU 715",NA,-45.9695616666667,-60.1564033333333,3.8
"AIS.19","150400453",2022-02-07 01:05:43,"FUYUANYU 715",NA,-45.304305,-60.53447,4
"AIS.19","150400453",2022-06-14 14:41:00,"FUYUANYU 715",NA,-46.154175,-60.2414166666667,3.5
"AIS.19","150400453",2022-05-13 08:45:56,"FUYUANYU 715",NA,-46.0217033333333,-60.150185,1.6
"AIS.19","150400453",2022-07-06 14:39:08,"FUYUANYU 715",NA,-46.3168533333333,-60.3200133333333,3.8
"AIS.19","150400453",2022-02-03 12:32:59,"FUYUANYU 715",NA,-45.3962133333333,-60.5808333333333,4.3
"AIS.19","150400453",2021-12-28 04:10:54,"FUYUANYU 715",NA,-45.3180216666667,-60.52234,4.1
"AIS.19","150400453",2022-04-19 11:56:15,"FUYUANYU 715",NA,-46.5523566666667,-60.0570666666667,1.1
"AIS.19","150400453",2022-04-24 02:58:52,"FUYUANYU 715",NA,-43.7523266666667,-58.1418833333333,0.9
"AIS.19","150400453",2022-05-04 00:53:10,"FUYUANYU 715",NA,-45.6667516666667,-60.1615366666667,0.9
"AIS.19","150400453",2022-04-27 20:03:29,"FUYUANYU 715",NA,-45.67201,-60.0754233333333,1.3
"AIS.19","150400453",2022-06-23 02:47:13,"FUYUANYU 715",NA,-46.4539116666667,-60.4253183333333,1.3
"AIS.19","150400453",2022-05-28 13:47:26,"FUYUANYU 715",NA,-46.0722366666667,-60.34542,1.5
"AIS.19","150400453",2022-05-18 13:44:41,"FUYUANYU 715",NA,-45.5852266666667,-60.2004266666667,0.6
"AIS.19","150400453",2022-07-06 03:26:20,"FUYUANYU 715",NA,-46.1960783333333,-60.2861466666667,0.6
"AIS.19","150400453",2022-07-20 03:04:16,"FUYUANYU 715",NA,-44.80567,-59.1030466666667,1.2
"AIS.19","150400453",2022-06-24 02:19:18,"FUYUANYU 715",NA,-46.2510033333333,-60.2952716666667,1
"AIS.19","150400453",2022-06-30 18:30:14,"FUYUANYU 715",NA,-45.94122,-60.408495,1
"AIS.19","150400453",2022-06-13 04:50:47,"FUYUANYU 715",NA,-45.6026666666667,-60.1093566666667,1.4
"AIS.19","150400453",2022-06-17 21:27:45,"FUYUANYU 715",NA,-46.28915,-60.355125,1.1
"AIS.19","150400453",2022-07-09 05:18:55,"FUYUANYU 715",NA,-46.1086533333333,-60.210105,0.9
"AIS.19","150400453",2022-07-04 19:48:33,"FUYUANYU 715",NA,-46.2979716666667,-60.1893316666667,1.3
"AIS.19","150400453",2022-02-08 05:33:19,"FUYUANYU 715",NA,-46.06851,-60.47666,0.8
"AIS.19","150400453",2022-05-06 04:39:36,"FUYUANYU 715",NA,-46.5248583333333,-60.5168233333333,1.1
"AIS.19","150400453",2022-01-02 19:29:37,"FUYUANYU 715",NA,-45.450535,-60.1983566666667,1.1
"AIS.19","150400453",2022-01-31 07:19:28,"FUYUANYU 715",NA,-45.8339316666667,-60.306655,1
"AIS.19","150400453",2022-06-20 01:11:56,"FUYUANYU 715",NA,-46.0606283333333,-60.2454266666667,1.5
"AIS.19","150400453",2022-05-29 17:19:37,"FUYUANYU 715",NA,-46.1314933333333,-60.3102133333333,1.5
"AIS.19","150400453",2022-07-24 11:10:04,"FUYUANYU 715",NA,-46.162505,-60.3578766666667,0.3
"AIS.19","150400453",2022-01-21 06:13:42,"FUYUANYU 715",NA,-45.5765783333333,-60.3997966666667,0.3
"AIS.19","150400453",2021-12-26 00:24:57,"FUYUANYU 715",NA,-45.15844,-60.27436,0.5
"AIS.19","150400453",2022-07-06 04:56:24,"FUYUANYU 715",NA,-46.1921483333333,-60.2765883333333,1
"AIS.19","150400453",2022-04-16 07:26:24,"FUYUANYU 715",NA,-45.4170766666667,-60.0867083333333,1
"AIS.19","150400453",2022-01-11 04:05:25,"FUYUANYU 715",NA,-45.9805983333333,-60.549925,0.9
"AIS.19","150400453",2022-04-27 18:15:20,"FUYUANYU 715",NA,-45.7025,-60.0809,1.3
"AIS.19","150400453",2022-01-18 00:00:19,"FUYUANYU 715",NA,-46.0521783333333,-60.6443266666667,0.5
"AIS.19","150400453",2022-03-18 03:53:29,"FUYUANYU 715",NA,-45.7554066666667,-59.764555,1.5
"AIS.19","150400453",2022-01-11 02:05:27,"FUYUANYU 715",NA,-45.9812416666667,-60.5501966666667,0.6
"AIS.19","150400453",2022-06-22 21:40:49,"FUYUANYU 715",NA,-46.269305,-60.3041133333333,1.2
"AIS.19","150400453",2022-05-03 06:21:37,"FUYUANYU 715",NA,-45.1635183333333,-59.93046,1.2
"AIS.19","150400453",2021-12-27 06:37:01,"FUYUANYU 715",NA,-45.2230516666667,-60.31171,4.8
"AIS.19","150400453",2022-07-12 15:30:29,"FUYUANYU 715",NA,-46.0440333333333,-60.1985766666667,3.7
"AIS.19","150400453",2022-05-22 15:31:40,"FUYUANYU 715",NA,-45.8394233333333,-60.0769033333333,2
"AIS.19","150400453",2022-04-11 13:28:36,"FUYUANYU 715",NA,-45.7967316666667,-60.1367133333333,4.5
"AIS.19","150400453",2022-03-25 19:29:42,"FUYUANYU 715",NA,-45.2087433333333,-60.0754183333333,3.2
"AIS.19","150400453",2022-07-12 15:36:33,"FUYUANYU 715",NA,-46.0499433333333,-60.20084,3.6
"AIS.19","150400453",2022-07-22 15:00:54,"FUYUANYU 715",NA,-44.6772583333333,-59.349845,1.6
"AIS.19","150400453",2022-01-24 03:32:36,"FUYUANYU 715",NA,-45.5043266666667,-60.6157883333333,4.1
"AIS.19","150400453",2022-05-24 19:35:08,"FUYUANYU 715",NA,-45.93849,-60.1047083333333,2.4
"AIS.19","150400453",2022-04-13 23:22:31,"FUYUANYU 715",NA,-45.1500766666667,-60.070465,8.4
"AIS.19","150400453",2022-05-28 07:53:16,"FUYUANYU 715",NA,-46.2043833333333,-60.353155,2
"AIS.19","150400453",2022-07-14 04:20:44,"FUYUANYU 715",NA,-46.5361866666667,-60.535455,0.4
"AIS.19","150400453",2022-05-26 04:49:18,"FUYUANYU 715",NA,-45.2470683333333,-60.0500033333333,0.8
"AIS.19","150400453",2022-01-31 17:49:49,"FUYUANYU 715",NA,-45.6943233333333,-60.2396433333333,0.8
"AIS.19","150400453",2022-06-24 05:55:25,"FUYUANYU 715",NA,-46.2513366666667,-60.29412,0.9
"AIS.19","150400453",2022-05-03 07:33:38,"FUYUANYU 715",NA,-45.1381033333333,-59.9188183333333,1.3
"AIS.19","150400453",2022-05-09 07:08:33,"FUYUANYU 715",NA,-46.3724133333333,-60.5299583333333,1.3
"AIS.19","150400453",2022-05-13 03:21:46,"FUYUANYU 715",NA,-46.1012566666667,-60.224865,1.3
"AIS.19","150400453",2022-02-17 15:32:28,"FUYUANYU 715",NA,-45.9365283333333,-60.7135866666667,2.8
"AIS.19","150400453",2022-02-10 21:05:32,"FUYUANYU 715",NA,-45.2154866666667,-60.39772,4.6
"AIS.19","150400453",2022-05-22 04:07:19,"FUYUANYU 715",NA,-45.9730583333333,-60.2030633333333,2.2
"AIS.19","150400453",2022-03-20 03:10:54,"FUYUANYU 715",NA,-45.4997733333333,-60.135385,7.4
"AIS.19","150400453",2022-05-02 19:15:08,"FUYUANYU 715",NA,-45.3727666666667,-60.05622,4
"AIS.19","150400453",2022-06-23 17:36:24,"FUYUANYU 715",NA,-46.0081683333333,-60.1916866666667,4.7
"AIS.19","150400453",2022-01-05 13:33:30,"FUYUANYU 715",NA,-45.26081,-60.4871033333333,4.4
"AIS.19","150400453",2022-07-12 19:06:57,"FUYUANYU 715",NA,-46.2435033333333,-60.27049,2.9
"AIS.19","150400453",2022-04-08 18:29:01,"FUYUANYU 715",NA,-45.1764483333333,-60.0162716666667,4.4
"AIS.19","150400453",2022-01-20 14:12:31,"FUYUANYU 715",NA,-45.4115983333333,-60.5712816666667,4.3
"AIS.19","150400453",2022-02-25 04:54:32,"FUYUANYU 715",NA,-45.8435366666667,-60.2496516666667,1.6
"AIS.19","150400453",2022-01-08 14:59:55,"FUYUANYU 715",NA,-45.2308266666667,-60.421705,4.8
"AIS.19","150400453",2022-07-14 13:09:10,"FUYUANYU 715",NA,-46.4784266666667,-60.44868,4.1
"AIS.19","150400453",2022-07-21 19:24:19,"FUYUANYU 715",NA,-44.933795,-59.3715133333333,1.7
"AIS.19","150400453",2021-12-21 11:04:25,"FUYUANYU 715",NA,-45.4077316666667,-60.5653316666667,2.6
"AIS.19","150400453",2022-07-15 17:17:05,"FUYUANYU 715",NA,-46.3915916666667,-60.4454666666667,8.5
"AIS.19","150400453",2022-04-03 14:04:24,"FUYUANYU 715",NA,-46.1083883333333,-60.2099583333333,4
"AIS.19","150400453",2022-06-01 13:12:58,"FUYUANYU 715",NA,-45.633765,-60.0966766666667,3.3
"AIS.19","150400453",2022-07-06 16:27:24,"FUYUANYU 715",NA,-46.4232983333333,-60.3797416666667,4
"AIS.19","150400453",2022-06-25 17:17:09,"FUYUANYU 715",NA,-45.8681883333333,-60.1630083333333,4.8
"AIS.19","150400453",2022-03-05 14:05:36,"FUYUANYU 715",NA,-45.79826,-60.38878,3.9
"AIS.19","150400453",2022-06-09 12:57:33,"FUYUANYU 715",NA,-46.90089,-58.08005,9.3
"AIS.19","150400453",2022-07-22 05:06:30,"FUYUANYU 715",NA,-44.7764033333333,-59.3441116666667,1.8
"AIS.19","150400453",2022-01-05 12:27:21,"FUYUANYU 715",NA,-45.2063416666667,-60.4074416666667,4.2
"AIS.19","150400453",2022-02-26 19:09:54,"FUYUANYU 715",NA,-45.6729333333333,-60.16431,3.2
"AIS.19","150400453",2022-03-03 01:05:20,"FUYUANYU 715",NA,-45.48392,-60.1929866666667,8.3
"AIS.19","150400453",2022-05-14 12:40:50,"FUYUANYU 715",NA,-45.578225,-59.9895333333333,2
"AIS.19","150400453",2022-07-08 19:54:39,"FUYUANYU 715",NA,-46.160535,-60.2227066666667,2.7
"AIS.19","150400453",2022-05-14 04:34:34,"FUYUANYU 715",NA,-45.7357933333333,-60.006545,1.9
"AIS.19","150400453",2022-02-02 01:58:26,"FUYUANYU 715",NA,-45.3082166666667,-60.5443233333333,3.7
"AIS.19","150400453",2022-05-25 15:06:25,"FUYUANYU 715",NA,-45.614215,-60.1072616666667,4.5
"AIS.19","150400453",2022-06-27 16:31:47,"FUYUANYU 715",NA,-45.9694466666667,-60.18227,3.2
"AIS.19","150400453",2022-07-04 00:53:46,"FUYUANYU 715",NA,-46.3948266666667,-60.3830016666667,7.7
"AIS.19","150400453",2022-06-11 03:47:55,"FUYUANYU 715",NA,-46.2591583333333,-59.8400166666667,9.4
"AIS.19","150400453",2022-05-02 03:37:38,"FUYUANYU 715",NA,-45.8873833333333,-60.185875,8.3
"AIS.19","150400453",2022-06-25 13:16:38,"FUYUANYU 715",NA,-46.1587583333333,-60.2477333333333,4.6
"AIS.19","150400453",2022-05-23 06:08:35,"FUYUANYU 715",NA,-46.1601666666667,-60.270745,0.5
"AIS.19","150400453",2022-06-09 20:33:53,"FUYUANYU 715",NA,-47.0136833333333,-57.892085,0.6
"AIS.19","150400453",2022-07-05 04:00:56,"FUYUANYU 715",NA,-46.1849933333333,-60.0986283333333,1.2
"AIS.19","150400453",2022-05-27 19:40:55,"FUYUANYU 715",NA,-46.3861216666667,-60.4736383333333,1.4
"AIS.19","150400453",2022-05-21 06:23:36,"FUYUANYU 715",NA,-46.0915416666667,-60.2317633333333,0.2
"AIS.19","150400453",2022-05-08 06:01:35,"FUYUANYU 715",NA,-46.6479166666667,-60.581445,0.4
"AIS.19","150400453",2022-04-13 14:15:30,"FUYUANYU 715",NA,-45.48294,-60.07967,4.5
"AIS.19","150400453",2022-05-31 11:46:34,"FUYUANYU 715",NA,-45.8741133333333,-60.141075,4.6
"AIS.19","150400453",2022-07-25 11:52:52,"FUYUANYU 715",NA,-46.1623133333333,-60.35847,0.8
"AIS.19","150400453",2022-04-19 19:08:27,"FUYUANYU 715",NA,-46.5774533333333,-60.0787983333333,1.1
"AIS.19","150400453",2022-06-06 03:27:05,"FUYUANYU 715",NA,-45.8552683333333,-60.1859916666667,0.5
"AIS.19","150400453",2022-06-07 01:28:59,"FUYUANYU 715",NA,-45.3812016666667,-60.10882,1
"AIS.19","150400453",2022-07-04 14:30:21,"FUYUANYU 715",NA,-46.3574983333333,-60.2875016666667,1
"AIS.19","150400453",2022-07-25 12:16:52,"FUYUANYU 715",NA,-46.1623283333333,-60.3585016666667,0.5
